,video_id
0,q-QlICBOoH8
1,8oaBBL4azdQ
2,0jFpmOSHk0w
3,4EVF1zppEpY
4,7vsHVk-9fmo
5,QoHnYA6gDvk
6,CzxbrNlAWtc
7,suEwoLjQBwk
8,EEhBPs-Th3o
9,kJWLwke8Fgo
10,S8tb9xjvDlU
11,SWf0OiXeDfo
12,3OYmK5M4iMg
13,8BH9YNg7q5c
14,iM6tRkHRL14
15,0ok7NDodpOs
16,kXMTX3F8iuI
17,pvMWucD2Wxw
18,P4MunVGijbo
19,Ynj77OuV2NI
20,nAb_UtIS3g8
21,qhFfGEigRB4
22,aHfy86iUjGE
23,CusSZwclkxw
24,rJmNWxKB6y0
25,8tANB88ZbAA
26,IE8vTcxeZ-k
27,3NwwfK8lTiI
28,mkzz3QXWYm4
29,W8q84io_Ol4
30,2lgjSz5hilw
31,7Of5mNIur-w
32,rcJrtlf31ow
33,gs2Ex7mi6kk
34,7ZrQyIBalHI
35,S9eISOt1w-E
36,XfWT97QxhAE
37,1f0fOocRmhE
38,KhOcy6A6E7Y
39,FrlmBaoyuZc
40,UcS8NT_-OHI
41,wTl_p5y_tko
42,y7WP1MQ8OVM
43,eLBWRuECyKI
44,ZMAqZ9K2eLc
45,WJJKfyidm_A
46,ZuQrXlLydAY
47,CmOPBql5o0w
48,cDxzTK0Pq88
49,Hj6L-oAW2wE
50,VVtJZeU7Pd8
51,Q25MQPJsiGU
52,MmceSCCdsoc
53,bQWGN9MTyzA
54,td6fbx60c-0
55,ZjwkbF8y3ZY
56,iABfOST6Ui0
57,xYFELcdCJzw
58,g1uXTqyxJ2Q
59,dmlrpOsBOFY
60,2VEgWZDqJYw
61,fYvEtmXLaP4
62,fay8c1zwRIc
63,Q8z3Lr9ZJd8
64,cZ_rUKampRE
65,v3_ZB0c7mNc
66,BDFhwy1O2S0
67,kzt4qp5uxUg
68,4U8-0QKI5q8
69,Uk66ulteo3A
70,H0FPMN8SaIQ
71,UnCZ285aSDk
72,0PqgjGqBjDg
73,iXPmToPZj0c
74,tkY203C5oMI
75,byNZiE0XUdI
76,7MihoRON4ew
77,cqT4ekNnIPY
78,UDvJxRdXQNE
79,bUkwgDREwWU
80,m3F4bcvXo5U
81,HVxmLzV50JE
82,EzYki8gSZ_g
