channel,playlistName,playlistId
빠니보틀,유라시아 여행,PLWehnFn-hSbsvAAGWWLA7KzjbcCyeG6iz
빠니보틀,아메리카여행,PLWehnFn-hSbszVy2pYWUl0f04sjYAtfQo
곽튜브,세계여행(2021),PLhbjbu4_zxgsqDsUdTj0EPYUY4MNa4vUT
채널십오야,악마는정남이를 입는다,PLr0T5CaHaPwVq0S58d3HjvJbViPxJrm_C
PLAYLIST ORIGINALS 플레이스트 오리지널,연플리 몰아보기,PLn0zg1pHgSujL2OXlR4gAWVgIDFacPlfl
PLAYLIST ORIGINALS 플레이스트 오리지널,에이틴1,PL920OTfqSyzd6xANfwFFCUG12yPvBhGZO
스튜디오 와플,바퀴달린입3,PLAlM76XTWG8d2OW8tQtt8XgIBhJ7EuyWc
스튜디오 와플,터키즈,PLAlM76XTWG8d9V-Y8pMvcjuQ7sBQeHWUn
달라스튜디오,[네고왕] 레전드의 귀환,PLgLCwW8UTTGA0JEeyZEsBt0078qC34SxX
ENA 이엔에이,이상한 변호사 우영우 | 몰아보기,PLq3_HQ4tfwm49T8OKhsmtplBJHii5pcZU
해커스톡 기초영어회화 공식 유튜브,영어 회화 기초를 탄탄하게! | 비타민 영어,PLXGaEHUzq5qcumyxVIcdsJlQdOtQf6Mbk
황용우/황선생 기타교실,[오늘은 우쿨렐레]-전체 재생목록,PL9a9GAyZVo9TiyXjQmdIO8FfAkOEHCB9y
수제비,두음쌤_2023,PLraQPczZnB1p6uiLmXQsBivP5QSilYr_5
할명수,할명수 시즌1 정주행,PLNXPiAthVKJLkRoeResu4snQpHnmPclCV
꼰대희,밥묵자 시리즈,PLM3ruUeLGXxig4WeWopE3lcVG23aHRXhr
여행가 제이 [Jay world traveler],"chapter1. 동남아(베트남, 라오스, 태국, 미얀마)",PLrz06nDEBDq5DW2HRxoyZTmEfR9WrqpR5
여행가 제이 [Jay world traveler],"chapter2. 인도, 스리랑카",PLrz06nDEBDq7dLR3cz84_XkHVlqdV2hxx 
여행가 제이 [Jay world traveler],"chapter3. 터키, 조지아, 아르메니아",PLrz06nDEBDq6T1wACbDmCLhBAkOKqA2cK
여행가 제이 [Jay world traveler],chapter5. 아프리카 종단여행,PLrz06nDEBDq7PlyrpdPcPUiaVm-HU_DyN
채코제,[아시아 여행],PL7eXornP6T5RD2Nc5fyPxW_t6PVE2OEQw
체코제,[아메리카 여행],PL7eXornP6T5SuCHQJt6b27R63H1xwDPdW
체코제,[유럽 여행],PL7eXornP6T5QwtwSUx2MzqXOGkhga4I6H
캐럿맨 여행기,터키 TR,PLP1f2cQRKtP18rSMgK4mhJ2zBwGiY-50G
쏘이Soy The World,MT Malta | 몰타 여행,PLb0HLSMNM2v-BzadPcj7mWGTygf1rLhg5
쫑쫑걸음 Travel_JJong,세계여행 시즌1{탄자니아}TZ,PLaYTnalAfXLCqiH-o6ItvUvBDlw9fWIH8
차박차박 Chabak,[시즌3] 그냥걷자 세계여행 NJPGBIEDE,PLY1qp55oP1acLwOh9SJmsasIVq-WkSoO_
MBC 미스터리:심야괴담회 X 서프라이즈,[어둑시니pick 시즌1] 괴담 모아보기,PLp-n8fBciXvEIr7Ungou72wJlyHkGBuw7
MBC 미스터리:심야괴담회 X 서프라이즈,[어둑시니pick 시즌2] 괴담 모아보기,PLp-n8fBciXvHdGMPnY0jOl7lyyismlCMq
강형욱의 보듬TV,견종백과,PLVh3TM0B0WtksY4ZQVNdD0aTG1Qm1mQNM
tvN,[#강식당1] 사장이 더 많이먹는 강식당1 정주행,PLgbB1gJhmG7Cf1ZxDnJ7KvJw5SZzhlHX0
엠뚜루마뚜루:MBC 공식 종합 채널,[태어난김에 세계일주] 기안84&이시언&빠니보틀의 무계획 남미여행!,PLnq2BT-N4UIMGYh_CgQTq2v40QqyqskLK
채널 십오야,신서유기8,PLd3SenKXVlRWMV7BxMq-YmoTJCYSOcWHC
쿠팡플레이 Cupang Play,주기자가 간다 하이라이트,PLkU4dubiQqIgdFtYYJiAbQAzof3k11lf2
PLAYY ANI 플레이애니,아기공룡 둘리,PLEt8Q-eNP9YCPpbSMeYbLHMNOh5v46Ig9
PLAYY ANI 플레이애니,빼꼼 시즌1,PLEt8Q-eNP9YD-37Woz7iF3y6Ueckn5aSk
PLAYY ANI 플레이애니,빼꼼 시즌2,PLEt8Q-eNP9YACOmYFEyMJ9cVKzJ_jWPbS
PLAYY ANI 플레이애니,빼꼼 시즌3,PLEt8Q-eNP9YDlwKZIPmzOR7QZShtfyr-I
PLAYY ANI 플레이애니,마음의 소리,PLEt8Q-eNP9YAgS-gC9mH7dQXa3FM3V09b
JTBC Voyage,【밤샘정주행】 비정상회담｜정주행 추천 시리즈,PLis5WuyWOdrUokQwv5f6eKOKaawo3SQOc
채널A 캔버스,오은영의 금쪽 상담소,PLl9GPcxBUXIm5UzoKC74iMLgMJ6SaSlea
올영TV,[올알랭가이드]당신이 찾아헤매던 올리브영의 찐랭킹??,PL6qZS8m6oIXiYuWDHkNuoIUEeCwALPiKt
하나TV [하나은행],하나은행 - 하나TALK.TV,PLzLe6SOyhmqvl-ub-MFCW3Sfa-CK6OE0v
달리 [SBS 교양 공식채널],꼬리에 꼬리를 무는 그날 이야기,PLVbV9mqtfzKfge1I-S01Kw6HcP-j1E9Gr
KBS Drama Classic,[십분요약] 태양의후예 x 신기누설,PLtIE58PMEFP7H5I2lFWtutSIVrXax_ds_
KBS Joy,[무엇이든 물어보살] 신통방통 리얼 고민 해결쇼 2022,PLP9SGK5OdynYYSN8oH6i7mnLst5Bwwmtv
KBS Joy,[무료 다시보기] 연애의 참견2 FULL 영상,PLP9SGK5OdynaQGQ2A6R4DEeoEKPVG7jqT
EBS 키즈,[EBS놀이터] 곰디와 친구들 모아보기,PLKDPDirFfxZQaYOiumnVKWzJq7ERIEB7c
춘천시,[또무관TV],PLxZjJy2_wo9azyTNg28QvTbu2XXp6LrZL
스튜디오 피넛버터 - Studio Peanut Butter,전부 노래 잘함,PLQaKAoMbHfr3m8G9X4ahft27G60m7LDeh
TREASURE (트레저),TREASURE MAP,PLG4U66ceLh80BCE_NxXdEsltXlgpchO6R
BANGTANTV,???♂?Run BTS! Episode 1~40,PL5hrGMysD_Gut5B6Mms1bpkv44LoOwEHz
빽능 - SBS 옛날 예능,[불타는 청춘 Rewind],PLiutUG5JYIAdXRNIT6_NLh_UwWY9j_fs8
빽능 - SBS 옛날 예능,[X맨 Rewind],PLiutUG5JYIAf-Vfzk88N-Q7oJY7R8ibJM
빽능 - SBS 옛날 예능,[패밀리가 떴다 Rewind],PLiutUG5JYIAf3qeYytMvcXF3DNlw6Ee4j
삼성전자 반도체 뉴스룸,S로그,PL74m3He-Vaka39RIm9wddw1awdWfVnvtv
시즌비시즌 Season B Season,구독자가 시키면 뭐든지 다 함ㅣ시즌 (Season),PLXu38_dcIJIlr6yNUxQ-S_fHaApMT464_
[ATOMY KOREA Official]애터미 공식 유튜브 채널,[The ATOMIANS],PL47N1Rk3Vww46e3mn977UhBeLIW2Tn5R1
춘천MBC 프로그램,가고잡소,PLHOlRR-rxKM5lgq2yK2jdmBdnOd6eyHMQ
디글 :Diggle,[디글] 악의꽃 정주행,PLm24nddeR_-JGwo2YkWLkiaxDX3fJPwMx
디글 :Diggle,[디글] 호텔델루나 정주행,PLm24nddeR_-LYOCRUvxj0ItYBZzHpO6kE
디글 :Diggle,[디글] 사랑의불시착 정주행,PLm24nddeR_-L-mc_dS7yVKv8f6RWFsFgw
재밌는 거 올라온다,또간집 - 두 번 가야 진짜다,PL8ZmFxF9Ts5yZY-RlNAG51MqkURwYBBk5
SEVENTEEN,GOING SEVENTEEN,PLk_UmMfvZDx21Z9eEQ9DcIlUfZp1uwEup
오분순삭,?진짜 사나이?,PL1FPDVeoyuPfavqu4j9PyT-_H5c8NscHl
장지수,공범,PLOBfcaHQ3_2X3xpGuwPRFsiqMYKpeAxE5
odg,ODG X Artist,PLWGzbb99Y4NYv377kEKMa5-MIAidHx81D
kiu기우쌤,세상제일망한머리대회,PL7Og_nZP0nD1KLMv4eQor5qlLtB-o_bOs
공부왕찐천재 홍진경,수업시간??,PL7KCd7xTxGLx6vo3L_rqLB_Q5Ii7gDC_J
지켜츄 Chuu Can Do It,지켜츄,PLfLDurFklIaph4F7oqHjkSsw8AwlLZPA8
Mnet TV,너목보9_너의 정체가 보여,PLIBmjIHzZF9kEb24pkufdHea_VoLvDN1S
차린건 쥐뿔도 없지만,차린건 쥐뿔도 없지만,PLBOye70K3oCG44WKUKinVq2_9ETB_Rwtl
엠뚜루마뚜루:MBC 공식 종합 채널,[호적 메이트] 화요일 밤 9시 방송!,PLnq2BT-N4UIPG11m1MqIBytGjcapr0Qko
디글 :Diggle,[디글] 호구들의감빵생활 레전드,PLm24nddeR_-Lv7A3InljyHwD9D2qlIHVh
SBS STORY,?TV 동물농장 레전드 다시보기?,PLxpQhJmkUSyAkl4TRHD1agI6qREV1d-7w
사피엔스 스튜디오,벌거벗은한국사｜사피엔스,PLWFNKrYyaIP5uzGOmovHEd5EFyQyOkkKG
사피엔스 스튜디오,벌거벗은세계사｜사피엔스,PLWFNKrYyaIP6UkrEJm9awS-EDkl_FnG-q
