video_name,id
산기슭 신기한 초자연온천 대모험 - 아제르바이잔(4),_DAygApipPg
드디어 WebGPU 혁명이 왔다,A3StcC2cD08
아주 일상적인 가슴루틴,pVLP1Ye85Tw
태평양 한가운데 왜 식민지가 있을까,dpRVOtaRUsI
식케이에게 우사인 볼트를 묻다,LbU5WMMuyjs
요즘 로봇충전기 근황,7MUVlaSOHAo
뉴버거 공개,-CJa1On8gh4
에곤실레와 클림트 전시,b9zUAfB24vg
베트남 조류3,1MDl7cOerU4
성수 쇼핑 가이드,F5q3XeHaPE0
50인 치즐건콘,hllVV1lYK48
잘되는 돼지고기,tZDrZds8UTs
티니안2,ocHov36PCOg
농촌라이프,ddGvOEdBF44
0514 기묘케,qp6xBnOwSBc
남극 26,Sg-DluCDbYk
비밀연애,9kNcl9_V-8E
3d펜 꼬북이,Ne1wAVhKnZA
최화정네 요리,OGVOTPxjdF4
카리나 찾기,yK4mTN3B1d8
마라꼰대,5XseSTZbcUY
소맥 캠브리지,6UOVXXwqc5I
망캐 탬탬버린,O_nKiUfvP-o
김진짜 손흥민,tOUcU1BFQCM
unforgiven 직캠,vQFrNHDaCPg
차린건 쥐뿔도 없지만 김채,Kjq10TNm14k
신병 시즌0 완,zT5lUeur_ak
IAM 직캠,4ZXlTySzkAA
태계일주 덱스,fUey_cGXGpw
중소기업 폐업 이유,8a6Ib6yYCfE
탐욕의 장바구니,UXm1KLmTcao
오늘의 지수 4,UPrJgGA9W_0
우정빌리지2,E6FEz_lXTLk
딘&줄리엣,ZcAq9Lq8HRA
태양인 자이언턱을 만나,xbaRXzpIOys
피식쇼 제임스건,6W6MXVaSg1I
오락킹 놀이터4,-0Jt5_pGlko
캐럿맨 몰디브2,guXNZF8UnNQ
고도비만,KyKATvL6f2w
면회,hGktlaYpHsI
여동사친,VBO5dWx7fgk
징병남녀,9GM56ypstH0
사쿠라 윤성빈,46UNB52FDZA
모띠베이션,loOMN-T2QW4
모띠로그,wSv_J_kOv4M
마이마운틴 최대몇,tKB9aCfbeTI
뉴질랜드 비즈니스석,OFMDXIeB52M
류제홍 새로운 시작,jW9UTA6rsX0
먹갱 라최몇,P75XF383cH0
모든맛챌린지 감스트,11KZIPieUsU
윤호찌 돈까스 뷔페,YcugHNWsY5I
춘자 단퐁회24,3QvEDwmpCts
음랜디2,8x1MouUGgOA
팡이요 칠흑,TgEfURxqRGs
Auto GPT,YbLef4CrZNU
듄2 예고편,81JOj5-xNGc
갯츠비 하체,BDXiw1E2RuU
갯츠비 제주,PQ571N5c-v0
김실장 작혼,Ae1ydLVwB9o
김실장 블루아카이브,nYEryQALqjA
김실장 넥슨,ha01MiqFVZo
녹두로 왕눈4,F7GHz5G5akk
녹두로 왕눈1,IdyS8Rc1iVI
죽기전 먹어볼 디저트,UU2QP5ks3Ss
오킹 악어의놀이터11,jizPuU5mxHg
오킹 임금체불,WM-q3yIeXxU
피지컬갤러리 결혼,2D09cxQ4kGA
육식맨 아사도,lGx4jgWgRu4
헬창극장 바벨컬,D0_hDRB2nho
고세구 전국트수자랑,tIcJ3OTloO8
우왁굳 vr공포맵,gvjzVuVmzBE
정육왕 특수부위,nY7chyEPkVQ
김도 왕눈1,6jI7m3ZfPjY
워킹화,SCH2kUkbWvU
아메카지1,hi72zQW2kF8
아메카지2,zhA4adPiIOs
진격캐넌 팡이큐브지원,q_Qd5_JLyZg
캡존탁 단퐁회0515,Wvz1QN2eIgE
어썸블리스 벤치프레스 스킬,iqAFqurqMVU
브레드 후쿠오카 포장마차,0Acy9txw1fU
룰리 사랑을 전하고 싶다던가,D1KlxQ81dew
오사사 야키니쿠 맛집,Qxkynybvf0M
레바 뉴스,VUNynwHLxgM
루비 그게나의 전부란걸,bamUfzRvSZo
피지크 왕국 코리모리스,YGT69GnMIe0
unforgiven,UBURTj20HXI
iam,6ZUIwj3FgUY
오킹 학폭동창,pFgRXRkcySg
아모띠 어린이날 헬스장,LOy6XVfVwbY
징짱 갖고싶어,6qvgNK4SJSw
낙관적 허무주의,oBIo2AyjNMo
왁무위키,U-jyBrAR_nk
김실장 붕괴스타레일,p7DQxDbTA0c
꼰대희 대화가 필요해,RI4ysZ7w28k
소맥거핀 마리오,HBLRhhiYIco
지락실2 1화,oY_Fu_3Fb4U
dream,ynOtYmpZxak
부동의 첫사랑,6iZyquKcpzg
또간집 28,6M0kT4EuKUA
출장십오야 2-1,Mv2q0JAw0dA
생물도감 늑대거북,q5NGlfJQiyE
네덜란드 이민 정착기,kbgUjCaGaeQ
슈돌 에스파,VfMRhj4tlqc
지락실2 에스파,n77Ks6AU0qM
유병재 생일파티 1부,Rjn-rhnqkuQ
경영학개론 3장,2pTspR3TkvU
구잘 우즈베키스탄1,YwsSdkVzU1s
Allergy,XZaBkbvteBc
쯔양 군대먹방,PsNzvEiW5nc
총몇명 직장인출근,NhSAqRcDTwI
귀곰 분리수거,KEXD4xocM08
토모토모 서울vlog,IHr6ShfhhlA
서기 동생로그,_D1miPJWLUI
파카 너 납치된거야,eojiSgzA3hU
생로병사 나쁜습관,AQwu7htUdS0
라면꼰대 잇섭,e1iSO2aXb1Y
덱스냉터뷰 츠키,WzOrmd4kMqo
따라해볼레이0,rut3TW7MTZQ
노빠꾸탁재훈 유시은,jduEqrpjI8U
이연복 치킨,qYymd9ikifk
헤어몬vlog,C_uUez09jF8
일주어터 치팅데이,7MP1WW0ejbQ
퀸카,7HDeem-JaSY
러시아 열병식,ZubVd1ml_q4
차린건 zip뿔도 없지만 3,mHoCj_xDLBQ
징버거 히미즈,EVcBcIq1blw
코딩애플 웹기술,95YLHDzsg8A
장성엽,vvbNQOL_hks
아모띠 소터플라이,fZO-XPTC7GQ


육식맨 아사도,3xoVnO1CW5w
수준보소,WNcTVFzehVo
인페르노,dZSm2FhwJTQ
슈카 엔데믹,inf38xgTCo4
뉴버거 페이셜,JlVAf1UzzuI
la 순두부,B1PsvC5v_2c
일본 오마카세,pWzJvaI20aU
,
피식쇼 지올팍,zS6tNxg3c1A
경서 사랑을 전하고 싶다던가,jO8A0HBkDPg
세구 고시원,Fmwc0v9pqQI
녹두로 왕눈6,ibOKDFO9sCE
오늘의 지수 5,QZpgouXGlpU
오늘의 지수 2,sPF9OuNmOyc
김채원 몰아보기,C_KhnrekvMc
김채원 노리턴,5ZGYUPG0NkU
류제홍 핵의심,3rrhxtxqcOA
바운디 0531 라이브,RhN3PZCgjiY
황금가면,eKZf0nDPkok
춘자 가링최초클 선물,X-skilE_Bkc
춘자 단퐁회 23,hCHNtJKylvs
춘자 단퐁회 21,v8Da089YheY
춘자 에디셔널,cN5gxfefVE0
