video_id,video_title
NufjV9Z3UHY,갈 곳 잃은 여사친      [ 자취기생충 EP.10 ]
89niG_NawBA,잠깐 들어가도 돼 ?  [ 자취기생충 EP.09 ]
4UZOpRW1IH8,둘이 잤니 ?                                                                    [ 자취기생충 ep08 ]
mi6o0iDV4mw,자취하고 잘취하는 여자동기..  [ ep.07 자취기생충 ]
QlD6elvIU1M,같이 잘래? 같이 살래? 집에 갈래?  [ 자취방 기생충 EP06 ]
H8sM7Yb8yiE,먼저 씻는다?                                                 [ ep.05 자취방 기생충 ]
Pi4npZBn5wI,셋이 같이 잘까?                                            [ ep.04 자취방 기생충 ]
vdFjm5R_UXU,좀 만 더 가까이 와봐 ..  [ 자취방 기생충 Ep.03 ]
mEv-e9-bgYg,차가끊겨서..    [ 자취 기생충 EP.02 ]
qIy8RugZ8E0,자고 가도 돼?  [자취 기생충 EP.01]
VyST1lIW5-I,침대 큰 걸로 바꿀까?      [ EP.11 자취기생충]
