,id,title,category_id,views,likes,favorites,comments,date,date_gap_hours,duration,tags,views_scaled,likes_scaled,update_diff,time_gap_minutes,view_per_minutes,vpm_scaled
0,gdr1jsWfzV8,취해서 집 데려다 달라는 여자   웹드라마   끄적끄적   EP.01,24,519008,4267,0,,2021-11-02 11:30:05+00:00,757409.68,432,"['여우짓', '여자여우', 'web drama', '웹드라마', 'korean web drama', 'korea drama', 'drama', '웹드', '루디틴', 'web drama sub indo', '남사친', '드라마', '루디고', '짧대', '짧은대본', '공감', '남자여우', '어장관리', '술자리', '여우', '픽고', 'web drama korean', '여사친', '연애', '끄적끄적', '연플리', '어장', '남자여우짓', '스킨십', 'writingdown', '치즈필름', '웹 드라마', '웹드라마 몰아보기', 'writing down']",0.3654922797515283,0.3625237965732934,0.0,776030.2749271333,0.66879864970311,-0.1407873095642331
1,rGciSQmLvXQ,[웹드라마] 술김에 키스하는 남사친 💋 (커플  연애  여사친)    끄적끄적   EP.02,24,879682,6620,0,,2021-11-09 11:15:02+00:00,747344.73,366,"['web drama', '웹드라마', 'korean web drama', 'korea drama', 'drama', '남사친', '리스트업', '러브틴 에이저', '끄적끄적', '키스', '소개팅', 'korean blind date', '썸', '연애', '데이트', '커플', 'blind date', 'blind dating', '뽀뽀', 'Kiss', 'couple', 'love', 'kissing', '키스신', '스킨십', 'skinship', 'korean', '여우짓', '남자', '남자 여우짓', '여자 여우', '남자 여우', '드라마키스', '영화키스', 'kroea', 'kiss', 'writingdown', '짧은대본', '치즈필름', '픽고', '짧대', '루디고', '여사친']",1.138855117492297,1.0024476475387545,167.74916666666667,765965.3249271333,1.1484619099222078,0.16869802202417333
2,gfnxT4-QPXI,[웹드라마] 여친이 귀찮아졌다. 🥱  (Feat. 가스라이팅  집착  의심)    끄적끄적   EP.03,24,443949,3377,0,,2021-11-13 13:04:49+00:00,741474.96,378,"['집착', '여친', '여자친구', '남친', '남자친구', '가스라이팅', 'web drama', '웹드라마', 'korean web drama', 'korea drama', 'drama', '남사친', '리스트업', '끄적끄적', '썸', '연애', '데이트', '커플', 'couple', '스킨십', 'skinship', 'korean', 'kroea', 'web drama hài', 'phim hay', '공감', '웹드', '의심', '훈남', '훈녀', 'writingdown', '짧은대본', '치즈필름', '픽고', '짧대', '루디고']",0.20454959678024576,0.12047865107424531,97.82972222222222,760095.5415938,0.5840699960811627,-0.19545540202820444
3,N1SwOtqTUBQ,[웹드라마] 여사친이 스킨십하면 생기는 일  (feat. 남사친  연애  썸  어장)   끄적끄적   EP.04,24,601745,5446,0,,2021-11-20 11:00:20+00:00,731519.45,308,"['스킨십', '커플', '남사친', '여사친', '연애', '데이트', '여자친구', '여친', '남친', '남자친구', 'couple', 'web drama', '웹드라마', 'korean web drama', 'korea drama', 'drama', '썸', 'skinship', 'korean', 'kroea', '공감', '웹드', '훈남', '훈녀', 'web drama korean', '리스트업', '썸남', '끄적끄적', '썸녀', 'writingdown', '짧은대본', '치즈필름', '픽고', '짧대', '루디고']",0.5428982505344457,0.6831656241501224,165.92527777777778,750140.0249271333,0.8021769003173134,-0.054729828115344756
4,8shBdif9orM,[웹드라마] 나랑 잘 생각밖에 없는 쓰레기 남친 (feat. 스킨십  남사친)   끄적끄적   EP.05,24,676532,5313,0,,2021-11-25 11:32:10+00:00,724287.62,322,"['스킨십', '커플', '남사친', '여사친', '연애', '데이트', '여자친구', '여친', '남친', '남자친구', 'couple', 'web drama', '웹드라마', 'korean web drama', 'korea drama', 'drama', '썸', 'skinship', 'korean', 'kroea', '공감', '웹드', '훈남', '훈녀', 'web drama korean', '리스트업', '썸남', '끄적끄적', '썸녀', '어장', 'writingdown', '짧은대본', '치즈필름', '픽고', '짧대', '루디고']",0.7032577068471239,0.6469948327440849,120.53055555555555,742908.1915938,0.9106535742304851,0.015260813611708918
5,XlbBNHJqF2M,[웹드라마] 잘생긴 연하남이 위험한 이유 (feat. 스킨십  남사친  여사친  금사빠)   끄적끄적   EP.06,24,399384,3283,0,,2021-11-28 12:30:13+00:00,719909.57,309,"['스킨십', '커플', '남사친', '여사친', '연애', '데이트', 'couple', 'web drama', '웹드라마', 'korean web drama', 'korea drama', 'drama', '썸', 'skinship', 'korean', 'kroea', '공감', '웹드', '훈남', '훈녀', 'web drama korean', '리스트업', '썸남', '끄적끄적', '썸녀', '금사빠', 'writingdown', '짧은대본', '치즈필름', '픽고', '짧대', '루디고']",0.10899262604235684,0.09491433233614359,72.9675,738530.1415938,0.5407822612874015,-0.22338524378894056
6,3ZwNQq_31Rs,[웹드라마] 남자한테 관심없는 여자   끄적끄적   EP.07,24,963879,6526,0,,2021-12-05 12:00:04+00:00,709859.72,315,"['스킨십', '커플', '남사친', '여사친', '연애', '데이트', 'couple', 'web drama', '웹드라마', 'korean web drama', 'korea drama', 'drama', '썸', 'skinship', 'korean', 'kroea', '공감', '웹드', '훈남', '훈녀', 'web drama korean', '리스트업', '썸남', '끄적끄적', '썸녀', '철벽', '철벽녀', '칠옹성', 'writingdown', '짧은대본', '치즈필름', '픽고', '짧대', '루디고']",1.3193916431339,0.9768833288006527,167.4975,728480.2915938,1.323136687598212,0.2814005906230201
7,6eakRYIgaRc,[웹드라마] 남자는 절대 이해 못하는 여자의 행동 (feat. 남사친  여사친  연애)   끄적끄적   EP.08,24,321075,3489,0,,2021-12-09 12:48:48+00:00,704051.01,350,,-0.0589187578129858,0.15093826488985587,96.81222222222222,722671.5582604667,0.4442889668618694,-0.28564404428098317
8,yhF9x9nY5ck,[웹드라마] 친구가 여자로 보이는 순간 (feat. 연애  썸  여사친  남사친)   끄적끄적   EP.09,24,327031,2857,0,,2021-12-11 11:00:33+00:00,701279.27,346,"['스킨십', '커플', '남사친', '여사친', '연애', '데이트', 'couple', '썸', '웹드', '리스트업', '끄적끄적', 'boyfriend', 'girlfriend', '여자친구', '남자친구', '웹드라마', '여친', '남친', 'skinship', '썸녀', '썸남', 'web drama', 'korea drama', 'korean web drama', 'korean', 'korea', '연애세포', '사랑싸움', '드라마', '로맨스', '짝사랑', 'love', 'romance', 'kdrama', 'Writing down', '웹 드라마', '웹드라마 몰아보기', '웹드라마 추천', '짧은대본', '치즈필름', '픽고', '짧대', '루디고']",-0.0461478093620744,-0.020940984498232253,46.19583333333333,719899.8082604667,0.4542729366607597,-0.27920224967205937
9,tY8jdPjaC4I,[웹드라마] 짝남한테 꼬리 치는 여우 (feat. 여사친  남사친)   끄적끄적   EP.10,24,316019,2433,0,,2021-12-19 11:00:29+00:00,689759.35,524,"['커플', '남사친', '여사친', '연애', '데이트', '웹드', '리스트업', '끄적끄적', '웹드라마', 'web drama', 'korean web drama', '드라마', 'Writing down', '웹 드라마', '웹드라마 몰아보기', '웹드라마 추천', '여우짓', '짧은대본', '치즈필름', '픽고', '짧대', '루디고', 'korea drama']",-0.06975991217292671,-0.13625237965732934,191.9988888888889,708379.8749271333,0.446115158244024,-0.28446576048832445
10,-iQ9YZ5Io2o,[웹드라마] 예쁜 카페 알바생 번호 따는 법 (feat. 첫사랑)   끄적끄적   EP.11,24,276480,2613,0,,2021-12-25 11:00:01+00:00,681119.82,309,"['끄적끄적', '리스트업', '웹드라마', '웹 드라마', '드라마', 'web drama', 'korean web drama', '웹드라마 몰아보기', '웹드라마 추천', '데이트', '웹드', '첫사랑', 'Writing down', '짝사랑', '연애', '남사친', '여사친', 'first love', 'couple', 'korea drama', '로맨스', 'romance', 'Kdrama', '짧은대본', '치즈필름', '픽고', '짧대', '루디고', '카페 알바생', '카페알바생']",-0.15454005502057375,-0.08729942888224096,143.9922222222222,699740.3415938,0.3951179938693558,-0.3173698322309746
11,z-TDLQFB4_g,모텔 안 가줘서 빡친 쓰레기 남친 #shorts,24,102005,1200,0,,2021-12-30 11:10:07+00:00,673909.73,40,"['스킨십', '커플', '남사친', '여사친', '연애', '데이트', 'couple', '웹드', '리스트업', '끄적끄적', 'boyfriend', 'girlfriend', '여자친구', '남자친구', '웹드라마', '여친', '남친', 'skinship', '썸녀', '썸남', 'web drama', 'korea drama', 'korean web drama', 'korean', 'korea', '연애세포', '사랑싸움', '드라마', '로맨스', '짝사랑', 'love', 'romance', 'kdrama', 'Writing down', '웹 드라마', '웹드라마 몰아보기', '웹드라마 추천']",-0.5286520817117702,-0.4715800924666848,120.16833333333334,692530.2415938,0.1472932066695659,-0.47726979289779636
12,eIzaNoArOsk,금사빠가 반하는 순간 #shorts,24,44441,284,0,,2021-12-31 11:00:33+00:00,672479.29,58,"['스킨십', '커플', '남사친', '여사친', '연애', '데이트', 'couple', '웹드', '리스트업', '끄적끄적', 'boyfriend', 'girlfriend', '여자친구', '남자친구', '웹드라마', '여친', '남친', 'skinship', '썸녀', '썸남', 'web drama', 'korea drama', 'korean web drama', 'korean', 'korea', '연애세포', '사랑싸움', '드라마', '로맨스', '짝사랑', 'love', 'romance', 'kdrama', 'Writing down', '웹 드라마', '웹드라마 몰아보기', '웹드라마 추천']",-0.652081711770243,-0.7206962197443568,23.840555555555557,691099.8082604667,0.06430474942810396,-0.5308150867267473
13,hGJodCEH4ic,[웹드라마] 연상녀가 키스를 리드하는 법 (커플  이별  재회)   끄적끄적   EP.12,24,651441,4954,0,,2022-01-02 11:00:30+00:00,669599.36,397,"['키스', 'Kiss', 'kissing', '키스신', 'kiss', '커플', '전여친', '전남친', '재회', '이별', '스킨십', '남사친', '여사친', '연애', '데이트', 'couple', '웹드', '리스트업', '끄적끄적', 'boyfriend', 'girlfriend', '여자친구', '남자친구', '웹드라마', '여친', '남친', 'skinship', 'web drama', 'korea drama', 'korean web drama', '드라마', '로맨스', 'love', 'romance', 'kdrama', 'Writing down', '웹 드라마', '웹드라마 몰아보기', '웹드라마 추천', 'drama', '썸', '뽀뽀', 'writingdown', '짧은대본', '치즈필름', '픽고', '짧대', '루디고']",0.6494571918065232,0.5493608920315475,47.99916666666667,688219.8582604666,0.9465594347227524,0.03842776856118864
14,mLoIEnHIPXY,철벽녀가 남자를 만나면 생기는 일 #shorts,24,181631,1934,0,,2022-01-03 11:00:22+00:00,668159.48,48,"['스킨십', '커플', '남사친', '여사친', '연애', '데이트', 'couple', '웹드', '리스트업', '끄적끄적', 'boyfriend', 'girlfriend', '여자친구', '남자친구', '웹드라마', '여친', '남친', 'skinship', '썸녀', '썸남', 'web drama', 'korea drama', 'korean web drama', 'korean', 'korea', '연애세포', '사랑싸움', '드라마', '로맨스', '짝사랑', 'love', 'romance', 'kdrama', 'Writing down', '웹 드라마', '웹드라마 몰아보기', '웹드라마 추천']",-0.3579167658366408,-0.27196083763937995,23.997777777777777,686779.9915938,0.26446751830741555,-0.40166731570511155
15,7nv9YUpUlIo,여친 자취방에서 딴 놈이 나왔다 #shorts,24,35729,252,0,,2022-01-07 02:45:49+00:00,662894.03,54,"['스킨십', '커플', '남사친', '여사친', '연애', '데이트', 'couple', '웹드', '리스트업', '끄적끄적', 'boyfriend', 'girlfriend', '여자친구', '남자친구', '웹드라마', '여친', '남친', 'skinship', '썸녀', '썸남', 'web drama', 'korea drama', 'korean web drama', 'korean', 'korea', '연애세포', '사랑싸움', '드라마', '로맨스', '짝사랑', 'love', 'romance', 'kdrama', 'Writing down', '웹 드라마', '웹드라마 몰아보기', '웹드라마 추천']",-0.6707621185708373,-0.729398966548817,87.7575,681514.5415938,0.05242588062236153,-0.5384794962326184
16,-50s0S7qmqg,[웹드라마] 강제로 키스하는 쓰레기 (커플  여친  이별)   끄적끄적   EP.13,24,398636,2428,0,,2022-01-09 13:00:01+00:00,659399.84,266,"['웹드라마', '키스', '커플', '여친', '여자친구', '연애', '이별', '남자친구', '남친', '데이트', '웹드', '전여친', '전남친', '스킨십', 'Kiss', 'kissing', '키스신', '재회', '남사친', '여사친', 'couple', '리스트업', '끄적끄적', 'boyfriend', 'girlfriend', 'skinship', 'web drama', 'korea drama', 'korean web drama', '드라마', '로맨스', 'love', 'romance', 'kdrama', 'Writing down', '웹 드라마', '웹드라마 몰아보기', '웹드라마 추천', 'drama', '썸', '뽀뽀', 'writingdown', '짧은대본', '치즈필름', '픽고', '짧대', '루디고', '웹드라마추천']",0.10738875273119469,-0.13761218384552623,58.236666666666665,678020.3415938,0.5879410624509281,-0.19295773677341643
17,u0vBPxOJXqg,예쁘냐? #shorts,24,32844,361,0,,2022-01-10 06:20:58+00:00,658358.9,40,"['스킨십', '커플', '남사친', '여사친', '연애', '데이트', 'couple', '웹드', '리스트업', '끄적끄적', 'boyfriend', 'girlfriend', '여자친구', '남자친구', '웹드라마', '여친', '남친', 'skinship', '썸녀', '썸남', 'web drama', 'korea drama', 'korean web drama', 'korean', 'korea', '연애세포', '사랑싸움', '드라마', '로맨스', '짝사랑', 'love', 'romance', 'kdrama', 'Writing down', '웹 드라마', '웹드라마 몰아보기', '웹드라마 추천']",-0.6769481807402261,-0.6997552352461246,17.349166666666665,676979.3915938,0.04851550934612053,-0.5410025215535663
18,OKwcmmr6bMg,[웹드라마] 키스로 화 풀어주는 남친 (여친  재회  이별)   끄적끄적   EP.14,24,314838,2023,0,,2022-01-11 12:30:14+00:00,656549.64,291,"['키스', '웹드라마', '키스신', '여친', '여자친구', '커플', '연애', 'korea', 'kiss', '웹드라마몰아보기', '재회', '뽀뽀', '이별', '남친', '남자친구', '웹드', '썸', '남사친', '여사친', 'love', '데이트', '스킨십', '전여친', '로맨스', '전남친', '치즈필름', '짧은대본', 'couple', '리스트업', '끄적끄적', 'boyfriend', 'girlfriend', 'skinship', 'web drama', 'korea drama', 'korean web drama', 'korean', '드라마', 'romance', 'kdrama', 'Writing down', '웹 드라마', '웹드라마 몰아보기', '웹드라마 추천', 'kissing', 'drama', 'writingdown', '픽고', '짧대', '루디고', '웹드라마추천']",-0.07229223086341131,-0.24775632308947512,30.154444444444444,675170.1249271333,0.4663091395431313,-0.2714363260563657
19,ztDDVef1xxE,빡치게 하는 썸녀의 남사친 #shorts,24,40583,235,0,,2022-01-12 11:00:34+00:00,655199.3,50,"['스킨십', '커플', '남사친', '여사친', '연애', '데이트', 'couple', '웹드', '리스트업', '끄적끄적', 'boyfriend', 'girlfriend', '여자친구', '남자친구', '웹드라마', '여친', '남친', 'skinship', '썸녀', '썸남', 'web drama', 'korea drama', 'korean web drama', 'korean', 'korea', '연애세포', '사랑싸움', '드라마', '로맨스', '짝사랑', 'love', 'romance', 'kdrama', 'Writing down', '웹 드라마', '웹드라마 몰아보기', '웹드라마 추천']",-0.6603540957735365,-0.7340223007886865,22.505555555555556,673819.7915938,0.0602282694962227,-0.5334452876365594
20,2GYMEgsjB4U,[웹드라마] 커플이 첫 경험을 하게 되는 과정 (연애  여친  남친)   끄적끄적   EP.15,24,1156750,6481,0,,2022-01-16 11:30:00+00:00,649409.87,295,"['웹드라마', '웹드', '웹드라마 몰아보기', '커플', '여친', '연애', '남친', '데이트', '남자친구', '여자친구', '연인', '스킨십', '대학생', '공감', '남사친', '여사친', '치즈필름', '짧은대본', 'couple', '리스트업', '끄적끄적', 'boyfriend', 'girlfriend', 'skinship', 'web drama', 'korea drama', 'korean web drama', 'korean', '드라마', 'romance', 'kdrama', 'Writing down', '웹 드라마', '웹드라마 추천', 'drama', 'writingdown', '픽고', '짧대', '루디고', '웹드라마추천']",1.7329486610445333,0.9646450911068806,96.49055555555556,668030.3582604666,1.731582982264678,0.5449357566959172
21,8u78rBavliQ,권태기 커플,24,2917941,12591,0,,2022-01-21 11:15:00+00:00,642224.88,303,"['스킨십', '커플', '연애', '데이트', '웹드', '리스트업', '끄적끄적', '여자친구', '남자친구', '웹드라마', '여친', '남친', 'Writing down', '권태기']",5.5093219775672155,2.626325809083492,119.75,660845.3582604666,4.4154671944444805,2.276614757860084
22,Vd2msG0u9yQ,썸녀가 미친ㄴ이 되는 과정,24,924170,7533,0,,2022-01-24 17:30:03+00:00,637529.84,367,,1.234246983624625,1.2507478923035082,78.25083333333333,656150.3082604667,1.4084730104754286,0.3364607596468622
23,dfmkuaNnAz0,남자 없이 못 사는 썸녀,24,850102,6251,0,,2022-01-31 11:00:17+00:00,627839.61,295,,1.0754292183690668,0.9020940984498232,161.5038888888889,646460.0749271333,1.3150108304767631,0.27615767586544016
24,9AFmBVrIKgo,흙수저,24,191908,1753,0,,2022-02-10 12:30:04+00:00,613349.82,419,,-0.3358806615334144,-0.3211857492521077,241.4963888888889,631970.2915938,0.3036661731614264,-0.37637580455253394
25,4e9b7gBPjD4,속 터지는 인간 고구마,24,240646,2300,0,,2022-02-13 15:45:21+00:00,608834.54,469,,-0.23137587886039226,-0.17242317106336688,75.25472222222223,627455.0082604666,0.3835271004803327,-0.324848436037881
26,OqK7_v8ajlo,관계 후 생리 예정일이 지났다,24,2150549,13036,0,,2022-02-20 11:30:04+00:00,599009.84,319,,3.863868036391628,2.747348381833016,163.74527777777777,617630.2915938,3.4819357620081925,1.6742874401835623
27,n3a8L2xJKs0,잘생긴 남사친이 위험한 이유,24,294427,2716,0,,2022-02-25 11:00:32+00:00,591839.37,351,,-0.11605781663096548,-0.059287462605384825,119.50777777777778,610459.8249271333,0.4823036471485145,-0.26111644980071036
28,PZ6zeDPQ6pU,잠만 자는 사이,24,1308047,10467,0,,2022-02-28 11:15:02+00:00,587504.87,498,,2.0573620572462694,2.048680989937449,72.24166666666666,606125.3249271333,2.158047100502276,0.8200962703092245
29,X672uz1ess8,감성충,24,113799,1229,0,,2022-03-06 11:15:02+00:00,578864.88,247,,-0.5033632022574303,-0.4636932281751428,144.0,597485.3249271333,0.19046325533414304,-0.44941588384597203
30,M3MclRkABZw,첫 만남에 가슴 들이미는 여자,24,1103977,6525,0,,2022-03-13 11:15:00+00:00,568784.91,239,,1.6197919681969934,0.9766113679630133,167.99944444444444,587405.3582604666,1.879412546166247,0.6403174242052209
31,uTqjRyJJ_N0,전여친 집에서 자게 되는 이유,24,321525,2783,0,,2022-03-20 11:00:34+00:00,558719.35,308,,-0.05795386076750055,-0.04106608648354637,167.75944444444445,577339.7915938,0.556907742513989,-0.21298086155179885
32,oiDkRJyjUfQ,처음 본 여자 집을 따라갔다,24,691938,6048,0,,2022-03-27 11:00:26+00:00,548639.49,512,,0.7362914932532254,0.8468860484090291,167.99777777777777,567259.9249271334,1.2197900285109722,0.21471990500711774
33,nSWwp61zUpQ,쿨한 척 하는 찐따,24,170193,1500,0,,2022-04-03 11:15:02+00:00,538544.89,364,"['짧대', '짧은대본', '픽고', '치즈필름', '팡팡스튜디오', '커플', '연애', '웹드', '끄적끄적', '웹드라마', 'web drama', '드라마', 'Writing down', '웹드라마 추천', '여우짓', '루디고', 'korea drama', '너덜트', '전여친', '전남친', '이별']",-0.3824423045172191,-0.38999184117487085,168.24333333333334,557165.3249271333,0.3054622970700089,-0.3752169207072972
34,iw0yRkGHzY0,돈 없으면 연애하면 안 되는 이유,24,880681,10381,0,,2022-04-08 12:30:21+00:00,531269.58,507,"['웹드라마', '여자친구', '여친', '연애', '웹드', '남자친구', '남친', '데이트', 'boyfriend', 'girlfriend', 'date', '루디고', '짧은대본', '치즈필름', '팡팡스튜디오', '픽고']",1.1409971889332742,2.0252923579004625,121.25527777777778,549890.0082604666,1.6015584694582183,0.46104215299955054
35,3fvm3X5RL1E,남친 몰래 남사친과 데이트했다,24,403964,3341,0,,2022-04-10 12:00:04+00:00,528419.86,427,"['웹드라마', '남사친', '여사친', '여자친구', '여친', '연애', '웹드', '남자친구', '남친', '데이트', '커플', '이성친구', 'boyfriend', 'girlfriend', 'date', 'couple', '바람', '루디고', '짧은대본', '치즈필름', '팡팡스튜디오', '픽고']",0.11881313374974001,0.11068806091922763,47.49527777777778,547040.2915938,0.7384538327570942,-0.09584482759372183
36,M4COt2d3OzQ,잘생긴 남자보다 매력있는 남자가 인기 많은 이유,24,1231845,7064,0,,2022-04-17 11:00:09+00:00,518399.78,251,"['웹드라마', '남사친', '여사친', '여자친구', '여친', '연애', '웹드', '남자친구', '남친', '데이트', '커플', '매력', '매력있는 남자', '이성친구', 'boyfriend', 'girlfriend', 'date', 'couple', '루디고', '짧은대본', '치즈필름', '팡팡스튜디오', '픽고', '너덜트', '숏박스']",1.8939685357794545,1.1231982594506391,167.0013888888889,537020.2082604667,2.293852225766759,0.9077196046556687
37,Rxe56f2jNt4,내겐 너무 털털한 여사친,24,1123304,8640,0,,2022-04-22 11:00:22+00:00,511199.57,390,"['웹드라마', '웹드', '연애', '여사친', '남사친', '데이트', '연하', '연상', '루디고', '짧은대본', '치즈필름', '팡팡스튜디오', '픽고', '너덜트', '숏박스']",1.6612332241927563,1.5518085395703018,120.00361111111111,529819.9915938,2.1201615979436457,0.7956520230754558
38,-T3hvsqdCzM,학교를 관두고 싶을 때,24,364321,4009,0,,2022-04-24 11:00:00+00:00,508319.94,355,"['웹드라마', '웹드', '남사친', '일진', '참교육', '짝사랑', '양아치', '왕따', '은따', '루디고', '짧은대본', '치즈필름', '팡팡스튜디오', '픽고', '너덜트', '숏박스']",0.03380999247380304,0.2923579004623334,47.99388888888889,526940.3582604666,0.691389441497127,-0.1262114200411905
39,jl5GGyYCwbY,외로워서 아무나 만나면 안 되는 이유,24,930128,8575,0,,2022-05-01 14:00:19+00:00,498059.62,548,"['웹드라마', '여자친구', '커플', '연애', '이별', '웹드', '남자친구', '권태기', '짧은대본', '픽고', '팡팡스튜디오', '루디고', '숏박스', '너덜트', '싱글벙글']",1.2470222205068497,1.5341310851237422,171.0052777777778,516680.0415938,1.8002011402082407,0.5892091358045213
40,hNVrTFSpzrg,연하 남친과 연애하면 안 되는 이유,24,522467,4859,0,,2022-05-07 13:30:09+00:00,489449.79,437,"['웹드라마', '웹드', '커플', '연애', '데이트', '남친', '여친', '남자친구', '여자친구', '이별', '전여친', '짧은대본', '픽고', '팡팡스튜디오', '루디고', '숏박스', '너덜트', '싱글벙글']",0.37290912170782486,0.5235246124558064,143.49722222222223,508070.20826046664,1.0283362250048576,0.09119127820570992
41,3WIwRjckFoU,소개팅에서 연애 가능?,24,294920,2603,0,,2022-05-15 11:00:01+00:00,478079.93,482,"['웹드라마', '웹드', '연애', '소개팅', '썸', '여사친', '남사친', '과팅', '짧은대본', '데이트', '대학생']",-0.11500071831224497,-0.09001903725863476,189.49777777777777,496700.3415938,0.5937583997902395,-0.18920431072490893
42,i33MzyESry8,자취하고 잘 취하는 여자,24,300859,2936,0,,2022-05-20 11:00:33+00:00,470879.4,447,"['웹드', '웹드라마', '데이트', '남친', '연애', '여친', '썸', '여자친구', '남자친구', '여사친', '남사친', '자취', '자취방']",-0.10226622152749634,0.0005439216752787598,120.00888888888889,489499.80826046667,0.6146253684330568,-0.175740655604195
43,3dyReLlJvPs,여자 때리는 남자,24,220668,2369,0,,2022-05-29 11:30:00+00:00,457889.95,379,"['웹드라마', '웹드', '커플', '여자친구', '연애', 'PTSD', '남자친구', '가스라이팅', '이별', '바람', '집착', '전남친', '트라우마', '데이트', '데이트폭력', '폭력', '폭행', '데이트폭행', '남친', '여친', '전여친']",-0.27421301924862396,-0.15365787326624966,216.49083333333334,476510.35826046666,0.4630917170522032,-0.27351225129193624
44,0Q0dz70ty6o,나만 좋아하는 연애,24,416049,4149,0,,2022-05-30 11:45:00+00:00,456434.96,335,"['웹드라마', '웹드', '여자친구', '커플', '연애', '이별', '짝사랑', '남자친구', '데이트', '남친', '여친']",0.14472597996016048,0.3304324177318466,24.25,475055.35826046666,0.8757905637007588,-0.0072332802011756455
45,dn1KaKBDWU4,연애 중 여친이 서운한 순간,24,201145,2544,0,,2022-06-12 17:00:16+00:00,437399.69,337,"['웹드라마', '웹드', '남친', '여친', '남자친구', '여자친구', '연애', '데이트', '커플', 'web drama']",-0.3160745415130872,-0.10606472667935818,317.25444444444446,456020.0915938,0.4410880215759659,-0.2877093381972854
46,MfiLCMLkUP8,착한 여자가 남자한테 인기 없는 이유,24,222249,2289,0,,2022-06-18 11:15:00+00:00,429104.96,296,"['웹드라마', '웹드', '커플', '연애', '남사친', '여사친']",-0.2708230142954858,-0.17541474027740006,138.24555555555557,447725.35826046666,0.49639582815567357,-0.25202398082609606
47,MmqQ5ZWl46Y,여친 있는 남자가 더 끌리는 이유,24,651280,5807,0,,2022-07-01 11:00:11+00:00,410399.78,368,"['웹드라마', '웹드', '커플', '남사친', '여사친', '여친', '남친', '여우짓', '연애', '데이트']",0.649111973085805,0.7813434865379385,311.75305555555553,429020.1749271333,1.518063806930796,0.40717024855900985
48,vynGMy92Z8w,여사친과 밤을 보냈다,24,467992,2934,0,,2022-07-10 11:30:23+00:00,397409.58,304,"['웹드라마', '웹드', '스킨십', '커플', '남친', '여친', '남사친', '여사친', '연애', '데이트', 'Web drama', 'kdrama', '영화', '드라마']",0.2561029738126942,0.0,216.50333333333333,416029.9749271333,1.1248997144543917,0.1534953694925264
49,3A8TQx3-TsQ,여자들이 안달 나는 남자,24,1338025,8805,0,,2022-07-17 12:00:01+00:00,387299.95,481,"['웹드라마', '웹드', '스킨십', '커플', '연애', '데이트', '남친', '여친', '남사친', '여사친', 'couple', '여자친구', '남자친구', '썸', 'web drama', '썸남', '썸녀']",2.12164135420084,1.5966820777807995,168.49388888888888,405920.3415938,3.296274817729994,1.5544964458165786
50,YWZOSSR5fkQ,술집에서 만난 여자,24,1282319,9720,0,,2022-07-28 11:00:18+00:00,371519.67,405,"['웹드라마', '웹드', '가슴', '섹시', '커플', '연애', '여친', '남친', '클럽', '술자리', '헌팅', '헌팅포차', '헌포', '감주', '감성주점', '남사친', '여사친', '여자친구', '남자친구']",2.002195676832393,1.8455262442208322,263.0047222222222,390140.05826046667,3.2868170618457584,1.5483941716616272
51,cnSuf_cJZaw,전남친한테 여친이 생겼을 때,24,347088,3345,0,,2022-07-31 15:05:01+00:00,366954.95,381,"['웹드라마', '웹드', '커플', '연애', '데이트', '남친', '여친', '남자친구', '여자친구', '환승', '전남친', '전여친', 'web drama', '남사친', '여사친', '환승연애', '이별']",-0.0031412759369686366,0.11177590426978515,76.07861111111112,385575.3415938,0.900182046303298,0.008504439793746611
52,nMiBKYEWupw,똥차만 꼬이는 여자가 쉬운 이유,24,1117615,5509,0,,2022-08-12 11:00:27+00:00,349919.52,459,"['웹드라마', '웹드', '커플', '연애', '데이트', '남친', '여친', '남자친구', '여자친구', '쓰레기', '키스', '키스신', '남사친', '여사친', 'web drama', 'kiss']",1.6490347813221662,0.7002991569214033,283.9238888888889,368539.90826046665,3.0325481038816626,1.384336343400584
53,sDAFg9ZtOPg,여자 많은 남자가 연애 상대로 최악인 이유,24,214243,2274,0,,2022-08-22 14:15:05+00:00,335324.89,465,"['웹드라마', '웹드', '연애', '커플', '남친', '여친', '남사친', '여사친', 'web drama']",-0.28798960484249664,-0.17949415284199075,243.24388888888888,353945.27492713335,0.605299788347524,-0.18175764811620657
54,9JAVcnM4YKE,자취방이 시그널 천국인 이유,24,215060,1939,0,,2022-09-04 12:00:11+00:00,316739.79,280,"['웹드라마', '웹드', '스킨십', '커플', '연애', '여친', '남친', '남사친', '여사친', '데이트', '남자친구', '여자친구', '첫경험', 'couple', 'drama', 'kdrama', 'web drama']",-0.2862377806510268,-0.270601033451183,309.75166666666667,335360.1749271333,0.6412806769519607,-0.15854228399700515
55,0gZkg1ynTZc,죽어라 싸우는 커플이 오래가는 이유,24,270795,2674,0,,2022-09-17 14:15:00+00:00,297884.98,383,"['웹드라마', '웹드', '커플', '연애', '남친', '여친', '데이트', '전여친', '싸움', '남자친구', '여자친구', 'couple', 'drama', 'kdrama', 'web drama', '이별']",-0.16672992102853737,-0.07070981778623878,314.24694444444447,316505.35826046666,0.8555779323557312,-0.020274747899228496
56,vh5977XnKW8,안 사귀는데 뽀뽀하는 사이,24,259080,2074,0,,2022-10-04 13:15:05+00:00,273464.9,381,"['웹드라마', '웹드', '키스', '커플', '연애', '데이트', 'Kiss', 'kissing', '키스신', 'kiss', '스킨십', '남사친', '여사친', 'couple', '끄적끄적', 'boyfriend', 'girlfriend', '여친', '남친', 'skinship', 'web drama', 'korea drama', 'korean web drama', 'drama']",-0.1918494074460033,-0.23388632036986673,407.00138888888887,292085.27492713335,0.8870012364184836,0.0
57,GaPsXwQXfSY,남친 있는 여자 건드리는 새x,24,175936,1666,0,,2022-10-26 03:30:06+00:00,242369.89,391,"['웹드라마', '웹드', '커플', '연애', '데이트', 'couple', '끄적끄적', 'boyfriend', 'girlfriend', '여자친구', '남자친구', '여친', '남친', 'web drama', '드라마', 'Writing down', '남사친', '여사친', '짧대', '짧은대본', '픽고', '치즈필름']",-0.37012807400117076,-0.34484634212673376,518.2502777777778,260990.25826046665,0.6741094521022963,-0.13736070682471552
58,DtH0Xdo261k,취한 여자 집 데려오기,24,490145,3247,0,,2022-11-07 14:45:02+00:00,224414.96,378,"['웹드라마', '웹드', '키스', '연애', '커플', '남친', '여친', '데이트']",0.3036037832541046,0.08512374218112592,299.24888888888887,243035.32492713333,2.016764435980469,0.728938752309508
59,zBj31wInyBQ,[웹드라마]썸 타다 현타 오는 순간,24,178274,1684,0,,2022-11-15 15:00:49+00:00,212879.17,293,"['웹드라마', '웹드', '연애']",-0.36511489779596074,-0.3399510470492249,192.26305555555555,231499.54159379998,0.7700835983200691,-0.07543686789539199
60,YyPg63eQ5rM,[웹드라마]키 큰 남자가 여자한테 인기 많은 이유,24,121272,1327,0,,2022-11-22 11:00:18+00:00,203039.69,221,"['웹드라마', '웹드', '커플', '남친', '데이트', '연애', '남사친', '썸', '여친', '키차이', '전남친', '치즈필름', '전여친', '짧대', '픽고', '짧은대본', '설렘', '여사친']",-0.4873394786554052,-0.4370410660864835,163.99138888888888,221660.05826046664,0.5471080399044946,-0.21930376443617194
61,DoRpKRYv9Wo,[웹드라마]대학생이 나이 많은 직장인과 연애하는 이유,24,222978,1915,0,,2022-11-29 13:06:28+00:00,192833.53,420,"['웹드라마', '웹드', '커플', '웹드라마 몰아보기', '드라마', '연애', '직장인', '데이트', '웹드라마 추천', '웹드라마 모음', '남자친구', '여자친구', '남친', '여친', '나이차이', '웹드라마 다시보기', '직장인 연애', '대학생', '픽고', '짧은대본', '짧대', '치즈필름', 'drama', 'korean drama', 'kdrama', 'romance', 'romance film', '恋愛', '大学生', '会社員', 'ドラマ', 'ウェブドラマ', '韓国ドラマ']",-0.26925988108179966,-0.27712809355452817,170.1027777777778,211453.89159379998,1.0544993914244798,0.1080721129627453
62,oMLNTG_CgmA,[웹드라마]남친 두고 딴 남자가 눈에 들어오는 합당한 이유,24,154142,1366,0,,2022-12-09 13:00:34+00:00,178439.43,389,"['웹드라마', '웹드', '커플', '바람', '웹드라마 몰아보기', '드라마', '연애', '환승연애', '남자친구', '여자친구', '남친', '여친', '데이트', '연하남', '여우짓', '웹드라마 추천', '환승', '웹드라마 다시보기', '픽고', '짧은대본', '짧대', '치즈필름', 'drama', 'korean drama', 'kdrama', 'romance', 'romance film', '恋愛', 'ドラマ', 'ウェブドラマ', '韓国ドラマ', '연상', '연하']",-0.41685911002184955,-0.4264345934185477,239.90166666666667,197059.79159379998,0.7822092916739374,-0.06761320379685938
63,C1Ot19mWMY8,남자들이 PC방 알바생한테 환장하는 이유│ 웹드라마,24,1083452,7039,0,,2022-12-17 12:45:01+00:00,166934.98,344,"['게임', '고백', '연애', '짝사랑', 'pc방', '피시방', '피시방 먹방', '피시방 알바', '여신', 'pc방 알바', '알바', '남사친', '여사친', '누나', '번호 따기', '아르바이트', '알바생', '짝사랑 포기', '알바생 번호', 'game', 'date', '恋愛', 'アルバ', 'おねえさん', 'ネットカフェ', '짧대', '픽고', '팡팡스튜디오', '너덜트', '숏박스', '짧은대본', '피씨방']",1.5757819418445829,1.1163992385096546,191.74083333333334,185555.3415938,5.838969607093228,3.1950780898114637
64,uCAscLCcUAw,남자가 처음을 못 잊는 이유(feat.키스)│웹드라마,24,526109,4445,0,,2022-12-26 12:30:30+00:00,153989.5,506,"['웹드라마', '드라마', '커플', '여자친구', '첫사랑', '연애', '웹드라마 몰아보기', '키스', '남친', '남자친구', '웹드', '뽀뽀', '데이트', '전여자친구', '연하남', '학생', '전남친', '웹드라마 추천', '픽고', '짧은대본', '짧대', '치즈필름', 'drama', 'korean drama', 'kdrama', 'romance', 'romance film', '恋愛', 'ドラマ', 'ウェブドラマ', '韓国ドラマ', 'kiss']",0.3807183551292855,0.4109328256731031,215.75805555555556,172609.85826046666,3.0479661202554635,1.3942842595859966
65,JyJ8cC8QHL0,똥군기│웹드라마,24,62015,644,0,,2023-01-04 11:45:01+00:00,141074.99,421,"['웹드라마', '똥군기', '드라마', '커플', '여자친구', '연애', '웹드라마 몰아보기', '참교육', '남친', '남자친구', '웹드', '술', '술자리', '꼰대', '데이트', '웹드라마 추천', '새내기', '체대', '체대생', '대학생', '학폭', '픽고', '짧은대본', '짧대', '치즈필름', 'drama', 'korean drama', 'kdrama', 'romance', 'romance film', '恋愛', 'ドラマ', 'ウェブドラマ', '韓国ドラマ']",-0.6143992658205591,-0.6227903181941801,215.24194444444444,159695.3415938,0.3883331810500831,-0.32174748676340376
66,CPVEBL2ggWg,가장 친한 친구와 자 버렸다│웹드라마,24,348553,2723,0,,2023-01-15 11:00:05+00:00,125279.92,609,"['웹드라마', '드라마', '커플', '여친', '여자친구', '연애', '웹드라마 몰아보기', '남친', '남자친구', '웹드', '남사친', '여사친', '술', '데이트', '대학생', '픽고', '짧은대본', '짧대', '치즈필름', 'drama', 'korean drama', 'kdrama', 'romance', 'romance film', '恋愛', 'ドラマ', 'ウェブドラマ', '韓国ドラマ']",0.0,-0.057383736741909164,263.25111111111113,143900.27492713332,2.422184392465522,0.9905212833710318
67,zNN7W50TpoY,길거리 헌팅│웹드라마,24,345725,2984,0,,2023-01-22 11:00:40+00:00,115199.34,531,"['웹드라마', '헌팅', '웹드', '길거리헌팅', '헌포', '헌팅포차', '술집', '클럽', '연애', '술자리', '감주', '감성주점', '여친', '남친', '여자친구', '남자친구', '커플', 'web drama', 'drama', 'kdrama', 'pick up', '짧대', '픽고', '짧은대본']",-0.006063841876960617,0.013598041881968996,168.00972222222222,133819.6915938,2.5835136509611996,1.0946131394736656
68,zZD_pbjgb_I,외출복 입고 침대 눕는 여친 이해 가능 불가능?│웹드라마,24,78046,643,0,,2023-01-30 11:30:22+00:00,103649.64,166,"['웹드라마', '웹드', '커플', '여친', '여자친구', '연애', '싸움', '남친', '남자친구', '데이트', '집데이트', '동거', '매너', 'ドラマ', 'ウェブドラマ', 'カップル', 'デート', 'けんか', '彼氏', 'ガールフレンド', 'drama', 'web drama', 'kdrama', '짧대', '짧은대본', '픽고', '드라마']",-0.5800253446290614,-0.6230622790318194,192.495,122269.9915938,0.6383087050441697,-0.16045984114101905
69,CP73u9sH52U,여자들이 좋아하는 잘생긴 찐따｜ 웹드라마,24,122183,1027,0,,2023-01-31 11:00:06+00:00,102239.91,498,"['웹드라마', '웹드', '공대생', '이별', '짝사랑', '썸', '너드', '너드남', '전남친', '남친', '남자친구', '여친', '여자친구', '찐따남', '픽고', '짧은대본', 'ドラマ', 'ウェブドラマ', '彼氏', 'ガールフレンド', 'ナード', 'ナード男', 'drama', 'web drama', 'kdrama', '짧대', '드라마']",-0.4853860981922118,-0.5186293173782975,23.495555555555555,120860.25826046667,1.01094438948395,0.07996982676358677
70,2qvfU-vo8Tg,남자가 고백을 결심하게 되는 순간 (feat. 키스)｜ 웹드라마,24,147336,1455,0,,2023-02-12 11:00:03+00:00,84959.97,331,"['키스', 'kiss', '웹드라마', '연애', '웹드', '드라마', '커플', 'couple', '여친', '남친', '데이트', '썸', '스킨십', '픽고', '짧은대본', '짧대', '치즈필름', 'drama', 'korean drama', 'kdrama', 'romance', '恋愛', 'ドラマ', 'ウェブドラマ', '韓国ドラマ', 'Korean', 'web drama korean', '드라마 키스신', '고백']",-0.43145264178089976,-0.4022300788686429,287.99916666666667,103580.30826046667,1.4224325306071086,0.34546763400032976
71,l-HHcxct1n8,여자가 낯선 남자랑 자는 이유｜ 웹드라마,24,544388,3608,0,,2023-02-17 11:00:29+00:00,77759.53,385,"['웹드라마', '웹드', '커플', '바람', '드라마', '연애', '남자친구', '여자친구', '남친', '여친', '헌팅', '여우짓', '웹드라마 다시보기', '웹드라마 몰아보기', '픽고', '짧은대본', '짧대', '치즈필름', 'drama', 'korean drama', 'kdrama', 'romance', 'romance film', 'ドラマ', 'ウェブドラマ', '彼氏', 'ガールフレンド']",0.4199124731168962,0.18330160456894207,120.00722222222223,96379.87492713334,5.648357610046465,3.0720926081137407
72,TsEZ-rDbd_w,'자만추'하는 여자｜웹드라마,24,363643,2819,0,,2023-02-24 11:00:31+00:00,67679.5,447,"['웹드라마', '웹드', '드라마', '커플', '연애', '소개팅', '남자친구', '여자친구', '남친', '여친', '헌팅', '웹드라마 다시보기', '웹드라마 몰아보기', '픽고', '짧은대본', '짧대', '치즈필름', 'drama', 'korean drama', 'kdrama', 'romance', 'romance film', '彼氏', 'ガールフレンド', 'デート.', '恋愛', '소개팅어플', '소개팅앱']",0.03235621425860527,-0.03127549632852869,168.00055555555556,86299.84159380001,4.2137157297647345,2.146441938461039
73,jAHdvMKCcVU,상여자가 화 풀어주는 법｜웹드라마,24,1825262,13699,0,,2023-02-25 12:15:03+00:00,66164.97,454,"['웹드라마', '웹드', '커플', '드라마', '연애', '남자친구', '여자친구', '남친', '여친', '상여자', '누나', '연하남', '연상연하', '웹드라마 다시보기', '웹드라마 몰아보기', '픽고', '짧은대본', '짧대', '치즈필름', 'drama', 'korean drama', 'kdrama', 'romance', 'romance film', '彼氏', 'ガールフレンド', 'デート.', '恋愛']",3.1663825580921627,2.9276584171879247,25.24222222222222,84785.30826046667,21.52804580709504,13.317885802571142
74,vlDpXheHmio,남자들이 술집 알바생한테 환장하는 이유｜웹드라마,24,1229028,10689,0,,2023-03-06 12:45:07+00:00,53174.91,314,"['웹드라마', '웹드', '고백', '커플', '연애', '짝사랑', '술집', '술', '알바', '아르바이트', '알바생', '여신', '웹드라마 다시보기', '웹드라마 몰아보기', '픽고', '짧은대본', '짧대', '치즈필름', 'drama', 'korean drama', 'kdrama', 'romance', 'romance film', 'ウェブドラマ', 'ドラマ.', '片思い', '酒屋', 'アルバイト', 'web drama']",1.8879282802747168,2.1090562958933914,216.5011111111111,71795.2415938,17.1185161121616,10.47279660569989
75,324rrDYa0i0,쉬운 여자｜웹드라마,24,362151,2885,0,,2023-03-17 13:00:03+00:00,37319.98,339,"['웹드라마', '웹드', '커플', '연애', '소개팅', '남사친', '여사친', '쓰레기', '웹드라마 다시보기', '웹드라마 몰아보기', '픽고', '짧은대본', '짧대', '치즈필름', 'drama', 'korean drama', 'kdrama', 'romance', 'romance film', 'ウェブドラマ', '恋愛', 'カップル.', 'ドラマ.', '男友達', '女友達', 'web drama', '스케치코미디']",0.029157044498907523,-0.013326081044329616,264.24888888888887,55940.30826046666,6.473882809400502,3.6047328189565917
76,p78qtqtdclg,만나면 개고생하는 여자｜웹드라마,24,229422,1913,0,,2023-03-28 12:00:37+00:00,21539.41,374,"['웹드라마', '웹드', '드라마', '커플', '연애', '남친', '여친', '질투', '남사친', '여사친', '웹드라마 다시보기', '웹드라마 몰아보기', '픽고', '짧은대본', '짧대', '치즈필름', 'web drama', 'drama', 'korean drama', 'kdrama', 'romance', 'romance film', 'ドラマ.', 'ウェブドラマ', '彼氏', 'ガールフレンド', '男友達', '女友達', '恋愛', 'カップル.']",-0.25544255539045096,-0.2776720152298069,263.00944444444445,40159.7415938,5.712735961314526,3.1136304056515596
77,8MMzSqhOeDk,남자들이 편의점 알바생한테 환장하는 이유｜웹드라마,24,453033,5470,0,,2023-04-04 14:15:00+00:00,11325.03,498,"['웹드라마', '웹드', '첫사랑', '고백', '연애', '편의점', 'cu', 'gs25', '7-eleven', '짝사랑', '알바', '편의점 알바', '여신', '웹드라마 몰아보기', '픽고', '짧은대본', '짧대', '치즈필름', 'drama', 'korean drama', 'kdrama', 'web drama', 'romance', 'romance film', 'ドラマ.', 'ウェブドラマ', 'ロマンス', '片思い', 'コンビニエンスストア', 'アルバ', 'cu 편의점', '씨유 편의점', '지에스', '세븐일레븐', '씨유']",0.22402765180510795,0.6896926842534675,170.2397222222222,29945.358260466666,15.12865520123318,9.18891098237282
78,swrIXiuNkqw,소개팅에 존예가 나왔을 때｜웹드라마,24,234700,2644,0,,2023-04-09 15:23:59+00:00,4056.05,274,"['웹드라마', '웹드', '커플', '연애', '짝사랑', '소개팅', '소개팅 앱', '소개팅 어플', '썸', '남소', '여소', '데이트', '미팅', '웹드라마 다시보기', '웹드라마 몰아보기', '픽고', '짧은대본', '짧대', '치즈필름', 'drama', 'web drama', 'korean drama', 'kdrama', 'date', 'dating', 'blind date', 'blind dating', 'korean blind date', 'romance', 'romance film', '合コン', '恋愛', 'カップル.', 'デート.', '片思い']",-0.24412538515473733,-0.07886864291542017,121.14972222222222,22676.374927133333,10.349978810730041,6.1056432611948095
