,title,category_id,views,likes,favorites,comments,date,duration,tags
0,YoungBoy Never Broke Again - Big Truck [Official Music Video],10,1370734,88890,0,NaN,2023-04-22T02:21:33Z,168,"['YoungBoy Never Broke Again', 'NBA YoungBoy', 'YoungBoy Quando Rondo', 'YoungBoy Leak', 'Make No Sense YoungBoy', 'Youngboy Lost Motives', 'YoungBoy NBA Music Video', 'YoungBoy Never Broke Again TOP', 'nba youngboy top', 'YoungBoy NBA TOP album', '7KTt4_M09Rw', '0C80BSgjb8M', 'qChxuVxs8FA', 'dYk-yCsuTUo', '6MCSr65d9Xc', 'ALimx-H8C6s', 'YoungBoy Never Broke Again Sincerely Kentrell', 'Sincerely Kentrell', 'Youngboy NBA Sincerely Kentrell', 'Sincerely Kentrell album', 'YBNBA Sincerely Kentrell', 'YB Sincerely Kentrell', 'Kentrell']"
1,"Brawl Stars: Brawl Talk - BLING! 2 Brawlers, a new Showdown, and MORE!",20,2825854,219602,0,NaN,2023-04-22T14:58:52Z,663,"['brawl stars', 'mobile game', 'mobile strategy game', 'mobile rpg', 'mobile battle royale', 'battle royale', 'supercell game', 'bling', 'dani', 'frank', 'paula', 'brawl talk', 'hank', 'maisie', 'rumble jungle', 'star points', 'rework']"
2,"Minecraft, But Any SCARY Build Hack, You Get",20,1648099,42825,0,NaN,2023-04-22T02:00:26Z,964,"['Eystreem', 'eyestream', 'eystream', 'minecraft', 'family friendly', 'roleplay', 'funny', 'troll', 'prank', 'secret', 'hidden', 'tutorial', 'minecraft but anything scary build hack you get', 'minecraft bedrock edition', 'scary minecraft build hacks', 'minecraft but scary build hacks', 'minecraft but what you build you get', 'minecraft scary pranks', 'scaring my friend with scary minecraft build hacks', 'scary minecraft build', 'minecraft halloween build', 'minecraft hanging', 'scary minecraft', 'scary minecraft build hacks prank']"
3,"Escaping 1,000 Layers of CRAYON!",24,705723,20677,0,NaN,2023-04-22T14:45:01Z,701,"['1000 layers', '100 layers', 'Trapped Challenge', 'preston', 'funny', 'pranks', 'challenge', 'mrbeast', 'brianna', 'ssundee', 'unspeakable', 'jordanmatter', 'stokestwins', 'gametoons', 'aphmau', 'dhar man', 'sidemen']"
4,I Built My 1 Million GOLD AWARD in Minecraft Hardcore!,20,612231,23826,0,NaN,2023-04-22T13:00:31Z,1570,"['Minecraft', 'minecraft hardcore', 'hardcore minecraft', 'lockdownlife']"
5,I bought every MacBook Ever.,28,1585675,95204,0,NaN,2023-04-22T14:58:43Z,1621,"['macbook', 'apple', 'm3', 'apple silicon', 'tech', 'iphone']"
6,I Survived 100 Days as a DIAMOND DINOSAUR in HARDCORE Minecraft!,20,657897,14479,0,NaN,2023-04-22T16:00:06Z,2502,NaN
7,I Bought the REAL VERSION of SCAM DRESSES,26,640791,33517,0,NaN,2023-04-22T14:30:04Z,675,"['dress haul', 'prom dress', 'homecoming dress', 'pinterest dresses', 'instagram vs reality', 'fashion fail', 'funny', 'expectation vs reality', 'trying on prom dresses', 'online shopping fail', 'cheap dresses', 'tiktok dresses', 'gown', 'formal gowns', 'pinterest haul', 'fail', 'very extra haul']"
8,MY DAUGHTER'S DREAM VACATION in Alphabetical Order,24,2911161,61576,0,NaN,2023-04-22T14:00:09Z,1162,"['jordan matter', 'salish matter', 'hudson matter', 'nalish', 'steamboat springs', 'skiing', 'vacation', 'spring break', 'challenge', 'colorado']"
9,Agust D 'Ìï¥Í∏à' Official MV,10,16540411,2952508,0,NaN,2023-04-21T03:59:07Z,275,"['HYBE', 'HYBE LABELS', 'ÌïòÏù¥Î∏å', 'ÌïòÏù¥Î∏åÎ†àÏù¥Î∏îÏ¶à']"
10,We Made IRON MAN'S LASER and it can CUT THROUGH STEEL!,28,631447,40228,0,NaN,2023-04-22T13:59:48Z,1187,"['thehacksmith', 'hacksmith', 'Ironman', 'stark industries', 'make it real', 'tony stark', 'gauntlet', 'superhero', 'iron man armour', 'jarvis', 'marvel comics', 'mcu', 'avengers', 'build', 'stark', 'science', 'laser', 'laser beam', 'real iron man gauntlet', 'repulser', 'photon beam', 'photon', 'helmet', 'iron man suit', 'arc reactor', 'metal', 'powerful laser', 'experiment', 'super powers', 'scientist', 'styropyro', 'real ironman helmet', 'armour', 'repulsor', 'muon beam', 'metal iron man gauntlet', 'real iron man suit', 'iron man', 'laser gauntlet', 'fiber laser', '1500w']"
11,RESTRICTED_restoration.mp4,20,680847,69867,0,NaN,2023-04-22T15:00:07Z,119,"['poppy playtime', 'huggy wuggy', 'chapter 3', 'vhs', 'analog horror', 'restricted', 'bron']"
12,7 Ways To Survive Natural Disasters,22,860294,15819,0,NaN,2023-04-22T15:00:38Z,509,"['unspeakable', 'vlog', 'vlogs', 'unspeakablegaming', 'prank', 'comedy', 'challenge', 'laugh', 'funny', 'moments', 'craziest', 'pranks', 'crazy', 'no cursing', 'no swearing', 'how to', 'parody', 'troll', 'video', 'react', 'family friendly', 'funniest', 'adventure', 'trolling', 'unspeakable vlogs', 'real life', 'life', 'unspeakable real life', 'unspeakableplays']"
13,"NELY'S QUINCEANERA VLOG + GRWM | party bus, day after, dance",22,290515,16768,0,NaN,2023-04-22T03:05:53Z,925,"['QUINCE', 'quince', 'vlog', 'Quince vlog', 'Quince Vlog', 'going to a quince', 'WE WENT TO A QUINCE', 'WE WENT TO A PARTY', 'VLOG', 'JATHALY VLOG', 'Jathaly', 'nelys quince', ""Nely's quince"", 'Nely cuevas', 'Jacob macias', 'Nathaly cuevas', '15 party', 'We went to a 15', 'Going to a 15', 'going to my little sisters party', 'Vlog', 'Jathaly Vlog', ""Nely's Quince Vlog"", 'Nathaly Cuevas Quince', 'Jathaly quince']"
14,How a One-Hit-KO Move took over Competitive Pokemon,20,378302,20516,0,NaN,2023-04-22T15:00:08Z,649,"['Wolfey', 'Pokemon', 'VGC', 'Wolfe Glick', 'Competitive Pokemon', 'Pokemon VGC', 'twitch', 'pokemon nuzlocke', 'nuzlocke', 'hardcore nuzlocke', 'smallant', 'ludwig', 'pokemon challenge', 'pokemon challenges', 'alpharad', 'wolfeyvgc', 'purplecliffe', 'pm7', 'pokemen7', 'mandjtv', 'shiny pokemon', 'pokemon scarlet', 'pokemon violet', 'scarlet', 'violet', 'scarlet and violet', 'fuecoco', 'quaxly', 'sprigatito', 'fissure', 'ting lu', 'chien pao', 'chi yu', 'wo chien', 'legendary pokemon', 'one hit ko', 'one hit ko move', 'OHKO move', 'OHKO', 'OHKO Pokemon']"
15,The Luckiest Start to a World (Friend or Foe #1),20,271974,17204,0,NaN,2023-04-22T13:00:08Z,1063,"['Minecraft', 'Minecraft SMP', 'SMP', 'Minecraft Server', 'LifeSteal SMP', 'Parrot', 'Dream SMP', 'TommyInnit', 'LifeSteal', 'minecraft survival', 'minecraft hardcore', 'minecraft challenge', 'minecraft server', 'LifeSteal SMP Applications', 'Technoblade', 'HermitCraft', 'Grian', 'I Destroyed an Army on this Minecraft SMP', 'ClownPierce', 'Minecraft Hardcore', 'minecraft 100 days', 'minecraft revenge', 'minecraft mods', 'pvplegacy', 'deadliest smp', 'deadliest minecraft smp', 'last life', 'hardcore minecraft', 'minecraft hardcore survival']"
16,Starship Flight Test,28,11618271,255201,0,NaN,2023-04-20T14:08:39Z,3201,"['SpaceX', 'Space', 'Starship', 'Super Heavy', 'Mars', 'Starbase']"
17,LeBron abruptly leaves media availability after simple message regarding Dillon Brooks üëÄ,17,462652,4121,0,NaN,2023-04-21T21:36:39Z,18,"['espn', 'nba', 'nba espn', 'espn nba', 'nba on espn', 'highlights', 'nba highlights today', 'viral', 'sports', 'basketball', 'lebron james', 'lebron', 'lebron james lakers', 'los angleles lakers', 'lebron james dillon brooks', 'dillon brooks', 'brooks james']"
18,Brewstew - The 'Bonus' Recess,23,797022,42241,0,NaN,2023-04-21T20:03:02Z,354,"['brewstew', 'school', 'recess', 'cartoon', 'flash animation', 'animation', 'slide', 'swings', 'playground', 'windbreaker', 'stick figure', 'storytime', 'funny story']"
19,I Made a Minecraft Village Fly,20,154017,9482,0,NaN,2023-04-22T14:30:14Z,1349,"['Reddoons', 'Doons', 'Lifesteal', 'Lifesteal SMP', 'Minecraft', 'Minecraft SMP', 'Boosfer', 'Rekrap2', 'Create Mod', 'valkyrien skies', 'minecraft airship', 'minecraft', 'lifesteal', 'lifesteal smp']"
20,OUR FIRST NIGHT IN OUR NEW HOUSE,22,218237,9809,0,NaN,2023-04-22T14:29:48Z,532,"['cole and sav', 'the labrant fam', 'labrant fam', 'the labrant family', 'youtube the labrant fam', 'everleigh', 'cole labrant', 'posie', 'savannah', 'tik tok', 'family', 'zealand', 'sunday']"
21,"Wisin, Anuel AA - MI EXXX (Official Video)",10,5580660,243689,0,NaN,2023-04-20T22:00:08Z,223,"['wisin', 'anuel', 'wisin anuel aa', 'anuel aa', 'mi exxx', 'anuel wisin mi exxx', 'mi exxx video oficial', 'video oficial mi exxx', 'mi exxx video', 'la base', 'los legendarios', 'wisin anuel mi exxx', 'mi exxx wisin anuel', 'mi exxx wisin anuel video', 'video oficial mi exxx wisin anuel aa', 'video mi exxx', 'video mi exxx wisin anuel', 'video mi ex wisin anuel', 'video oficial wisin anuel', 'reggaeton']"
22,FULL FIGHT | Chase DeMoor vs. Stevie Knight,17,187701,3298,0,NaN,2023-04-22T01:14:13Z,492,"['boxing', 'influencers', 'ksi', 'social media', 'crossover boxing', 'x series', 'dazn', 'dazn x', 'misfits', 'misfits boxing']"
23,HEATED!! Gervonta Davis vs. Ryan Garcia ‚Ä¢ FULL FINAL PRESS CONFERENCE | ShowTime Boxing,17,1533973,16814,0,NaN,2023-04-20T21:46:28Z,1886,"['boxing', 'secondsout', 'seconds out', 'combat', 'sport', 'sports', 'Combat Sport (Sport)', 'boxe', 'boxeo', 'boxer', 'knockouts', 'Tank v Garcia', 'Davis v Garcia', 'Gervonta ‚ÄòTank‚Äô Davis vs. Ryan Garcia', 'Tank Davis', 'Davis v Garcia fight', 'Gervonta Davis', 'Ryan Garcia', 'MgM Las Vegas', 'Ryan Garcia vs Tank Davis', 'showtime boxing', 'PBC boxing', 'championship boxing', 'tank v garcia press conference', 'Davis v Garcia final press conference', 'final press conference']"
24,Sugarhill Ddot - Let Ha Go (Official Music Video) [Produced By McVertt],10,453380,30027,0,NaN,2023-04-21T19:00:10Z,167,NaN
25,Angers vs PSG | LIGUE 1 HIGHLIGHTS | 04/21/2023 | beIN SPORTS USA,17,305966,3013,0,NaN,2023-04-21T21:00:28Z,522,NaN
26,Tee Grizzley & Skilla Baby - B&E Pt. 1 [Official Video],10,214473,15571,0,NaN,2023-04-21T16:00:07Z,155,"['Tee Grizzley', '2 Vaults', 'Activated', 'Chris Brown', 'Hip Hop', 'From The D To The A', 'Detroit', 'TeeGrizzley', 'Jettski Grizzley', 'Bloodas', 'Lil Yachty', 'Rap', 'First Day Out', 'WSHH', 'TGrizzly', 'Jetski Grizzley', 'My Moment', 'YBN Nahmir', 'Trap', 'No Effort', 'Wrold star', 'Tgrizzley']"
27,The NEW Kong Villain Explained - In-Depth Analysis,24,1146294,35807,0,NaN,2023-04-21T20:00:30Z,641,"['GODZILLA VS KONG 2', 'GODZILLA VS KONG', 'king kong vs godzilla', 'new godzilla movie', 'rodan', 'mothra', 'behemoth', 'titanus methuselah', 'scylla', 'godzilla titan', 'titans', 'monsterverse', 'new monsterverse film', 'gojicenter', 'kaiju', 'pacific rim', 'jurassic park', 'jurassic world']"
28,The Weeknd ft. Future - Double Fantasy (Official Music Video),10,3923209,239052,0,NaN,2023-04-21T04:00:15Z,270,"['The', 'Weeknd', 'Double', 'Fantasy', 'Republic', 'Records']"
29,"Peso Pluma, Jasiel Nu√±ez - Rosa Pastel (Official Video)",10,4418565,159753,0,NaN,2023-04-20T22:20:09Z,209,"['peso pluma', 'jasiel nu√±ez', 'rosa pastel', 'corridos', 'prc', 'amg', 'natanael cano', 'musica mexicana', 'doble p', 'junior h', 'eslabon armado', 'ella baila sola', 'por las noches', 'la bebe remix', 'el azul']"
30,„ÄêNEW OUTFIT REVEAL„ÄëIt's so cold here... #LuxiemOutfitRelay,20,419066,40910,0,NaN,2023-04-22T04:24:06Z,1814,"['#NIJISANJI', '#„Å´„Åò„Åï„Çì„Åò', '#LUXIEM', '#NIJISANJI_EN', '#voxakuma', 'vox', 'akuma', 'vox akuma', 'asmr', 'male voice asmr', 'deep male voice asmr', 'male vtuber', 'male en vtuber', 'en', 'vtuber', 'LazuLight', 'OBSYDIA', 'Ethyria', 'Ike Eveland', 'Mysta Rias', 'Shu Yamino', 'Luca Kaneshiro']"
31,"2 ¬Ω NEW Brawlers, Star Points Removed, & Catalog!",20,186095,12679,0,NaN,2023-04-22T15:10:25Z,1249,"['Brawl Stars', 'BrawlStars', 'Kairos', 'KairosTime', 'Kairos Time', 'Kairos Brawl Stars', 'brawl stars update', 'brawl stars brawl talk', 'brawl stars new brawler', 'brawl stars hank', 'brawl stars maisie', 'brawl stars update info', 'brawl stars update sneak peek', 'rawl stars sneak peek', 'brawl stars update leaks', 'brawl stars update live', 'brawl stars update release date']"
32,Arsenal v. Southampton | PREMIER LEAGUE HIGHLIGHTS | 4/21/2023 | NBC Sports,17,807741,9608,0,NaN,2023-04-21T21:44:32Z,1160,"['arsenal vs southampton highlights', 'premier league 2023', 'highlight arsenal vs southampton', 'arsenal match today', 'premier league 2022/23', 'arsenal highlights', 'premier league highlights', 'english premier league', 'premier league goals', 'nbc sports', 'premier league live', 'arsenal vs southampton', 'southampton highlights', 'southampton vs arsenal', 'arsenal fc', 'premier league highlights today', 'english premier league live', 'english premier league today', 'epl highlights']"
33,Moneybagg Yo - Motion God (Official Music Video),10,530648,26381,0,NaN,2023-04-21T04:00:08Z,149,"['Moneybagg', 'Motion', 'God', 'CMG/N-Less/Interscope', 'Records', 'Hip', 'Hop']"
34,FULL FIGHT | JMX vs. Le'Veon Bell,17,276041,4952,0,NaN,2023-04-22T05:45:18Z,1203,"['boxing', 'influencers', 'ksi', 'social media', 'crossover boxing', 'x series', 'dazn', 'dazn x', 'misfits', 'misfits boxing']"
35,TAEYANG - ‚ÄòShoong! (feat. LISA of BLACKPINK)‚Äô PERFORMANCE VIDEO TEASER,10,2335207,NaN,0,NaN,2023-04-22T04:00:09Z,17,"['YG Entertainment', 'YG', 'ÏôÄÏù¥ÏßÄ', 'K-pop', 'BIGBANG', 'ÎπÖÎ±Ö', 'TAEYANG', 'ÌÉúÏñë', 'ÎèôÏòÅÎ∞∞', 'ÁôΩÂ§ú', 'WHITE NIGHT', 'TBL', 'THEBLACKLABEL', 'SOL', 'PRAYER', 'SOLARL', 'VIBE', 'Î∞îÏù¥Î∏å', 'ÏßÄÎØº', 'Jimin', 'JIMIN', 'BTS', 'Î∞©ÌÉÑÏÜåÎÖÑÎã®', 'Î∞ïÏßÄÎØº', 'Î¥ÑÏó¨Î¶ÑÍ∞ÄÏùÑÍ≤®Ïö∏', 'Îã¨ÎßÅ', 'ÎààÏΩîÏûÖ', 'DARLING', 'WAKE ME UP', 'ÏÉàÎ≤Ω 1Ïãú', '1AM', 'RINGA LINGA', 'ÎßÅÍ∞Ä ÎßÅÍ∞Ä', 'ÎÇòÎßå Î∞îÎùºÎ¥ê', ""I'LL BE THERE"", 'Ïõ®Îî©ÎìúÎ†àÏä§', 'I NEED A GIRL', 'WHERE U AT', 'comback', 'KPOP', 'K-POP', 'POP', 'ÎçîÎ∏îÎûôÎ†àÏù¥Î∏î', 'TEHBLACKLABEL', 'theblacklabel', 'blackpink', 'yg entertainment', 'LISA', 'Î¶¨ÏÇ¨', 'sm entertainment', 'jyp entertainment', 'bts', 'big hit entertainment', 'ÎÇòÏùòÎßàÏùåÏóê', 'seed', 'DowntoEarth', 'TEASER', 'Ìã∞Ï†Ä', 'EP', 'ÎÇòÏùò ÎßàÏùåÏóê', 'Shoong', 'Ïäù']"
36,DDG - I'm Geekin (Official Music Video),10,629062,60844,0,NaN,2023-04-21T04:00:19Z,133,"['ddg', 'queen naija', 'pontiacmade', 'sorry the hold up', 'arguments', 'pontiac', 'michigan', 'rap', 'run it up', 'take me serious', 'DDG YouTube', 'Lil Baby', 'Too Much To Lose', 'Young Rich Black', 'Accountant', 'YBN Almighty Jay', 'YBN Nahmir', 'YBN Cordae', 'BlocBoy JB', 'Jay Critch', 'VALEDICTORIAN', 'meet me in the lobby', 'toxic', 'exotics', 'she cheated', 'moonwalking in calabasas', 'salim montari', 'salim montari remix', 'carnage', 'rucci', 'Gunna', 'DDG Elon Musk', 'Elon Musk DDG']"
37,Rest In Peace Dave & Julian üíî,24,1087892,53253,0,NaN,2023-04-21T02:11:16Z,116,NaN
38,Finding out the gender of our baby,22,1909896,66708,0,NaN,2023-04-21T16:00:17Z,922,"['finding out the gender', 'gender reveal', 'pregnancy', 'doctors appointment', 'vlog', 'finding out the gender of our baby vlog', 'family', 'pregnant', 'surprise pregnancy', 'matt howard', 'abby howard', 'matt and abby']"
39,Iron Lung | Official Teaser Trailer,20,2369114,233361,0,NaN,2023-04-21T16:00:29Z,75,"['markiplier', 'iron lung', 'iron lung movie', 'official trailer', 'teaser trailer', 'movie trailer', 'we are all one in the blood']"
40,I Opened FREE Modified Vehicle Shop in Fortnite!,20,430184,3992,0,NaN,2023-04-21T19:58:14Z,926,"['fortnite chapter 4', 'chapter 4', 'fortnite world record', 'fortnite myth', 'busting fortnite myth', 'tiktok', 'fortnite battlepass', 'fortnite new', 'fashion show', 'fortnite fashion show', 'ghoulz', 'ghoulz fashion show', 'ghoulz hide and seek', 'ghoulz cheating', 'milo', 'new battle pass', 'fortnite battle pass', 'battle pass', 'fortnite', 'fashion show fortnite', 'fortnite update', 'fortnite new update', 'chapter 3 hide and seek', 'modified vehicle', 'custom car fortnite', 'free store']"
41,Garten of Banban 3 - Official Trailer,20,1436167,46019,0,NaN,2023-04-21T13:01:01Z,106,"['garten of banban devlog', 'garten of banban ending', 'poppy playtime', 'garten of banban gameplay', 'garten of banban full game', 'garten of banban all bosses', 'garten of ban ban', 'garten of banban', 'garten of banban trailer', 'garten of banban 2', 'garten of banban 3 trailer', 'garten of banban official trailer', 'garten of banban teaser', 'garten of banban 3 teaser', 'garden of banban', 'garden of banban gameplay', 'garden of banban trailer', 'garten of banban 3', 'GOBB', 'garden of banban 3']"
42,Cheap vs Expensive: Stained Glass DIY for the First Time,26,421936,20153,0,NaN,2023-04-21T15:15:20Z,1913,"['evanandkatelyn', 'Evan and Katelyn', 'evan and katelin', 'even and katelyn', 'how to', 'DIY', 'husband wife', 'E&K', 'evan katelyn', 'couple', 'testing kits', 'Expensive vs cheap', 'cheap vs expensive', 'stained glass', 'stained glass for beginners', 'how to stained glass', 'stained glass diy', 'diy stained glass', 'beginners', 'try', 'diy home decor', 'diy room decor', 'home decor', 'crafting', 'diy projects', 'diy ideas', 'diy crafts', 'crafts', 'arts and crafts', 'craft ideas', 'cheap vs. expensive', 'expensive vs. cheap']"
43,PRESS PLAY  // Radiant Entertainment System Skin Trailer - VALORANT,20,1196050,78614,0,NaN,2023-04-22T00:41:57Z,191,"['Radiant Entertainment System', 'RES', 'Arcade', 'Retro', 'Operator', 'Ghost', 'Bulldog', 'Power Fist', 'Skins', 'Skinline', 'Skin', 'VALORANT skin', 'VALORANT Episode 6', 'Episode VI', 'VALORANT trailer', 'VALORANT', 'VALORANT game', 'valorant act III', 'VALORANT act 3', 'fps', 'shooters', 'tactical FPS']"
44,24 Youtuber EASTER EGGS In Video Games,20,2225517,40125,0,NaN,2023-04-20T21:38:47Z,556,"['video games', '24 Youtuber EASTER EGGS In Video Games', 'gaming easter eggs', 'gaming secrets', 'easter eggs gaming', 'youtuber easter eggs', 'youtubers in video games', 'youtubers in games', 'gaming youtubers', 'games new', 'new games', 'best games', 'secrets games', 'easter eggs games', 'prime easter eggs', 'prime', 'easter eggs', 'secrets', 'youtuber', 'gaming', 'games', 'new', 'update', 'video']"
45,AJR - The Dumb Song (Official Video),10,300224,31141,0,NaN,2023-04-21T14:00:03Z,243,NaN
46,Little Girl Gone - CHINCHILLA (Lyric Video),10,175740,NaN,0,NaN,2023-04-21T09:17:36Z,189,NaN
47,I Found an Old Knitting Machine in my Basement,24,227296,24464,0,NaN,2023-04-22T01:18:08Z,1192,"['knitting machine', ""1950's kitting machine"", 'fifties', 'history', 'knitting', 'knit', ']knit diy', '1950s fashion', '1960s fashion', 'vintage', 'antique', 'antiquing', 'vintage fashion', 'knitwear', 'rachel maksy', 'old machinery', 'sewing', 'old things i found in my basement', 'cottagecore', 'hobbitcore', 'hobbit fashion']"
48,MY QUINCEANERA,22,318668,15945,0,NaN,2023-04-21T02:41:24Z,1620,"['weekend', 'week', 'week in my life', 'Nely', 'cuevas', 'my life', 'braces', 'q&a', 'Q&A', 'storytime']"
49,"Feid, Sean Paul - Ni√±a Bonita (Official Video)",10,3623105,189541,0,NaN,2023-04-21T02:22:55Z,199,"['Feid', 'Sean Paul', 'Feid Sean Paul', 'ni√±a bonita feid', 'ni√±a bonita sean paul', 'ni√±a bonita feid sean paul', 'nueva cancion feid', 'nueva cancion sean paul', 'ni√±a bonita letra feid', 'porfa remix', 'chimbita', 'ferxxo', 'feid Instagram', 'feid new song', 'feid canciones', 'feid canci√≥n nueva', 'relajate feid', 'feid 19', 'feid √°lbum', 'reggeaton', 'PURRITO APA', 'MEDELLIN', 'COLOMBIA', 'UNIVERSAL MUSIC LATIN', 'feid', 'feid cantante', 'canciones de feid', 'feid latin Grammy', 'porfa']"
50,"Arsenal 3-3 Southampton | I‚Äôm Being Real, We‚Äôve Lost The Title! (Troopz Rant)",17,433829,13391,0,NaN,2023-04-21T22:50:44Z,362,"['afc', 'aftv', 'arsenal', 'arsenal fan tv', 'fan cams', 'arsenal tv', 'arsenal fan cams', 'gooners', 'premier league', 'robbie lyle', 'troopz', 'aftvmedia', 'martinelli', 'arteta', 'mikel arteta', 'aftv news', 'transfer daily', 'gabriel', 'aftv troopz', 'arsenal stream', 'arsenal watch along', 'bukayo saka', 'emile smith rowe', 'emirates stadium', 'football', 'soccer', 'sport', 'transfers', 'gabriel jesus', 'gunners', 'arsenal fc', 'Fabio Vieira', 'transfer window', 'Oleksandr Zinchenko', 'Southampton', 'Ramsdale', 'title Race']"
51,Roma vs. Feyenoord: Extended Highlights | UEL Quarter-Finals - Leg 2 | CBS Sports Golazo - Europe,17,309071,3173,0,NaN,2023-04-20T22:03:37Z,918,"['Feyenoord', 'Roma', 'Roma vs. Feyenoord']"
52,i made a tornado potato for aries season,24,235890,26298,0,NaN,2023-04-21T19:55:08Z,890,"['julien solomita', 'vlogs', 'vlogs by julien', 'how to', 'vegan', 'vegan recipe', 'vegan cooking', 'diy vegan', 'diy', 'julien cooking', 'gluten free', 'aries', 'aries kitchen', 'chef', 'julen', 'julien', 'best', 'meals', 'cinematic', '4k']"
53,Ed Sheeran - Boat [Official Video],10,2069716,124633,0,NaN,2023-04-21T08:00:07Z,196,"['edsheeran', 'ed sheeran', 'acoustic', 'cover', 'official', 'official video', 'boat', 'subtract', 'ed sheeran boat', 'ed sheeran subtract', 'ed sheeran boat official video', 'lyrics', 'eyes closed', 'new music', 'album', 'ed album', 'subtract album', 'ed sheeran album', 'subtract trailer', 'ed sheeran trailer', 'ed subtract', 'sheeran subtract', 'ed sheeran car crash', 'subtract intro', 'subtract ed sheeran', 'subtract eyes closed', 'ed sheeran music', 'ed sheeran songs', 'boat music video', ""the waves won't break my boat"", 'aaron dessner']"
54,QUEST UPDATE - Pet Simulator X Update Preview,20,258092,10578,0,NaN,2023-04-22T15:03:01Z,389,"['Quest Shop Pet Simulator X', 'How to get quest points fast', 'Quest points', 'Huge Machine Egg 2', 'pet simulator x update', 'pet simulator x new update', 'pet simulator x', 'roblox pet simulator x update', 'roblox pet simulator x', 'pet simulator', 'roblox simulator', 'pet simulator x roblox', 'pet simulator x giveaway', 'pet simulator x event', 'new pet simulator x update', 'huge pet simulator x', 'pet simulator x roblox update', 'pet simulator x 2023', 'simulator', 'buffed diamond mine', 'brand new update', 'urcool']"
55,Last To Leave Sinkhole Wins,20,257299,28317,0,NaN,2023-04-21T16:00:20Z,1027,"['Minecraft Manhunt but', 'Minecraft Manhunt but I secretly used', 'Minecraft Manhunt but OP Loot', 'Minecraft Manhunt but OP Enchants', 'Minecraft Manhunt but I can go into creative', 'Minecraft manhunt but drops are random', 'Minecraft Manhunt Dream', 'Dream Manhunt', 'Dream Manhunt 1v5', 'Poland Manhunt 1v5', 'Poland Manhunt', 'Wisp Manhunt', 'Dream Latest Manhunt', 'Minecraft but lava rises', 'Minecraft Manhunt but custom', 'Manhunt 6 hunters', 'Boosfer Manhunt 1v6']"
56,The Last Dream SMP Video Ever,20,938011,100820,0,NaN,2023-04-21T20:45:53Z,1074,"['tommyinnit', 'minecraft', 'mine craft', 'dream minecraft', 'funny', 'minecraft funny', 'funniest minecraft video', 'minecraft manhunt', 'minecraft speedrunner', 'minecraft challenge', 'challenge', 'minecraft but', 'minecraft mod', 'modded minecraft', 'tommy talent show', 'minecraft talent', 'minecraft new update', 'dream smp', 'dream finale', 'goodbye dream smp', 'The Last Dream SMP Video Ever']"
57,"HIGHLIGHTS | Arsenal vs Southampton (3-3) | Martinelli, Odegaard, Saka",17,2595940,35113,0,NaN,2023-04-21T23:00:08Z,120,"['Arsenal', 'Arsenal FC', 'Arsenal Football Club', 'Football', 'Club', 'EPL', 'Premier League', 'Soccer', 'Sport', 'Team', 'Gabriel Jesus', 'Oleksandr Zinchenko', 'Alex Zinchenko', 'Takehiro Tomiyasu', 'Kieran Tierney', 'granit xhaka', 'gabriel martinelli', 'bukayo saka', 'Thomas Partey', 'Gabriel Magalhaes', 'Odegaard', 'Odegard', '√òdegaard', 'Smithrowe', 'smith rowe', 'arsenal highlights', 'Aaron Ramsdale', 'meidema', 'teriney', 'arsenal training', 'mikel arteta']"
58,The Super Mario Bros. Movie (dunkview),20,2021069,103878,0,NaN,2023-04-20T19:30:02Z,321,"['super mario movie', 'mario movie review', 'mario dunkview', 'mario movie dunkview', 'dunkey', 'videogamedunkey', 'dunkey mario', 'dunkey mario maker', 'dunkey mario odyssey', 'mario galaxy dunkview', 'mario sunshine dunkview', 'mario 64 dunkview', 'mario 3d world dunkview', 'dunkey mario review', 'super mario bros movie', 'the super mario bros. movie', 'super mario bros. movie review', 'dunkey movie', 'dunkey whiplash', 'dunkey playtime', 'dunkey movie review', 'dunkview movie', 'dunkview', 'luigis balloon world']"
59,Well... This Took A Turn,22,614553,40654,0,NaN,2023-04-20T20:34:13Z,1973,"['Shane', 'Dawson', 'conspiracy', 'theories', 'journalism', 'investigative journalism', 'docuseries', 'documentary']"
60,We Opened a FREE Donut Shop!,24,348752,14238,0,NaN,2023-04-22T15:00:24Z,1340,"['jstu', 'jstu free store', 'jstu opened a free store', 'jstu opened a free donut store', 'jstu built a free store', 'jstu built a free donut store', 'free store', 'building a free store', 'we built a free store', 'i built a free store']"
61,Times Referees RUINED The NBA,17,800291,11359,0,NaN,2023-04-21T00:02:24Z,946,"['nba', 'hoopflix', 'hoop flix', 'rebound', 'basketball', 'anthony edwards', 'dunk', 'lebron', 'james', 'lebron james', 'lakers', 'celtics', 'jayson tatum', 'referees', 'referee', 'paul george', 'russell westbrook', 'giannis', 'giannis antetokounmpo', 'game winner', 'michael jordan', 'bulls', 'nba playoffs', 'nba finals', 'playoffs', 'championship', 'damian lillard', 'anthony davis', 'kevin durant', 'warriors', 'james harden', 'rockets', 'cavaliers', 'hornets', 'mavericks']"
62,Overnight in the World's Oldest Hotel,24,2572286,123052,0,NaN,2023-04-20T15:02:54Z,681,"['Ryan', 'Trahan', 'worlds oldest hotel', 'worlds oldest', 'japan', 'hotel', 'overnight']"
63,Kim Petras & Nicki Minaj - Alone (Official Lyric Video),24,509138,43858,0,NaN,2023-04-21T04:00:46Z,186,"['Kim Petras', 'Kim Petras Nicki Minaj', 'Nicki Minaj', 'nicki minaj kim petras', 'Kim petty', 'Alone Kim Petras', 'Alone Kim Petras Nicki Minaj', 'nicki minaj alone', 'Kim petras tiktok', 'I just wanna give it to you all night', 'nicki minaj verse', 'Kim petras lyric video', 'alone lyric video', 'Kim petras alone lyric video', 'Kim petras nicki minaj alone lyric video']"
64,"GOP leader, who voted to expel Tennessee Three, resigns; found guilty of sexually harassing interns",25,912860,15259,0,NaN,2023-04-20T23:26:02Z,391,NaN
65,Evil Dead Rise - Movie Review,24,276021,18048,0,NaN,2023-04-21T13:00:24Z,270,"['evil dead', 'evil dead rise', 'horror', 'sam raimi', 'ash']"
66,Testing The Most Viral TikTok Food Hacks,22,824782,41552,0,NaN,2023-04-22T16:00:21Z,667,"['#foodhacks #chef #fastfood #fazerug', '#tiktok']"
67,You're Not Immune To Propaganda,27,278140,21418,0,NaN,2023-04-21T14:00:33Z,1226,"['Second thought', 'second thought channel', 'facts about', 'facts you didn‚Äôt know', 'things you didn‚Äôt know', 'propaganda', 'media', 'mainstream', 'neoliberalism', 'capitalism', 'socialism', 'government', 'democracy', 'bernays', ""you're not immune to propaganda"", 'news', 'china', 'russia', 'United States', 'North Korea', 'education', 'learning', 'educational videos', 'explained', 'documentary', 'video essay']"
68,20-year-old killed by rock thrown at car,25,584604,8567,0,NaN,2023-04-20T22:29:34Z,119,"['denver', 'colorado', 'news', 'kdvr', 'fox31', 'Jeffco', 'Alexa Bartell', 'rock thrown at cars']"
69,Kali Uchis - Moonlight (Official Music Video),10,1097565,100158,0,NaN,2023-04-20T17:00:11Z,188,"['Kali', 'Uchis', 'Moonlight', 'Interscope', 'Records']"
70,BANISHED TO THE SHADOW REALM | War Thunder,20,2419397,173701,0,NaN,2023-04-19T18:01:45Z,1579,NaN
71,The Kid LAROI - WHERE DOES YOUR SPIRIT GO? (Official Audio),10,222362,21016,0,NaN,2023-04-21T04:00:30Z,203,"['Columbia', 'Pop', 'The Kid LAROI', 'WHERE DOES YOUR SPIRIT GO?']"
72,AJR - The Dumb Song (Visualizer),10,282380,25323,0,NaN,2023-04-21T04:00:12Z,227,NaN
73,Pokemon Sent Me ALL Their Plushies,1,3934955,260207,0,NaN,2023-04-19T18:16:30Z,4966,"['jaiden', 'animations', 'jaidenanimation', 'jaidenanimations']"
74,Kim Loaiza - KITTY (Video Oficial) Ft. LIT killah,10,2768274,271436,0,NaN,2023-04-21T04:13:01Z,209,"['MUSICA', 'SPACE', 'MUSIC', 'KIM', 'LOAIZA', 'POP', 'TRAP', 'REGGAETON']"
75,I am no longer Jev,20,870330,35478,0,NaN,2023-04-21T19:19:22Z,530,"['FaZe', 'Jev', 'FaZeClan', 'FaZeJev', 'XDEFIANT', 'JEV XDEFIANT', 'XDEFIANT GAMEPLAY', 'MW2', 'MODERN WARFARE 2', 'JEV MW2', 'JEV MODERN WARFARE 2', 'JEV TWITTER', 'TWITTER BLUE', 'TWITTER VERIFICATION', 'VERIFIED', 'JEV VERIFIED', 'RAGE', 'JEV RAGE', 'FUNNY MOMENTS', 'JEV FUNNY MOMENTS', 'XDEFIANT FUNNY MOMENTS', 'XDEFIANT RAGE']"
76,GloRilla - Unh Unh (Official Music Video),10,408595,13372,0,NaN,2023-04-20T18:00:09Z,173,"['GloRilla', 'Unh', 'CMG/Interscope', 'Records', 'Hip', 'Hop']"
77,"I Spent $40,000 to Unbox a Sealed Original iPhone!",28,2568003,162234,0,NaN,2023-04-20T22:02:23Z,804,"['original iphone', 'sealed iphone', 'MKBHD', 'first gen iphone', 'first iphone unboxing', 'first iPhone', 'most expensive iPhone']"
78,The Super Mario Bros. Movie (2023) Pitch Meeting,24,755642,56375,0,NaN,2023-04-20T19:00:00Z,359,"['Super mario bros', 'movie', 'pitch meeting', 'mario', 'luigi', 'peach', 'peaches', 'bowser', 'toad', 'chris pratt', 'anya taylor-joy', 'charlie day', 'jack black', 'keegean michael-key', 'mushroom kingdom', 'rainbow road', 'nintendo', 'mario kart', 'ryan george', 'screen rant', 'super easy barely an inconvenience']"
79,"T√∫ No Eres Mi Ex - Gerardo Coronel ""El Jerry"" x Cuatro De Oro [Video Oficial]",10,511720,17314,0,NaN,2023-04-20T19:00:10Z,255,['Gerardo Coronel El Jerry']
80,Natti Natasha - La Falta Que Me Haces [Lyric Video],10,461371,24347,0,NaN,2023-04-20T23:59:52Z,180,"['Natti natasha', 'Nattividad', 'Nattividad Natti Natasha', 'no quiero saber natti', 'Ram Pam Pam', 'Las Nenas', 'Noches en Miami', 'Imposible Amor', 'No Quiero Saber Natti', 'NattiVidad', 'NattiVidad Natti Natasha', 'Fue Tu Culpa', 'Pina Records', 'NattiNat', 'Natti Nat', 'Natti', 'La Dura de Las Duras', 'No Quiero Saber Natti Natasha', 'Natti Natasha', 'La Falta Que Me Haces', 'natti natasha', 'la falta que me haces', 'la falta que me haces letra', 'natti natasha letra', 'latin urbano', 'Latin urbano']"
81,Jump 10 Feet High With These Shoes! (World Record),1,434158,26929,0,NaN,2023-04-20T21:02:46Z,1021,"['Jlaservideo', 'DIY', 'how to', 'tutorial', 'mario', 'super mario', 'mario movie', 'jump shoes', 'jumping world record', 'engineering', 'technology', 'science', 'high jump', 'world record jump', 'super powers', 'super shoes', 'jack black', 'chris pratt']"
82,Apex Legends Veiled Collection Event,20,988970,24215,0,NaN,2023-04-20T15:00:04Z,99,"['apex legends', 'apex', 'veiled collection event apex', '„Ç®„Éº„Éö„ÉÉ„ÇØ„Çπ', 'apex „Éà„É¨„Éº„É©„Éº', 'apex legends trailer', 'apex trailer', 'apex veiled event', 'apex legends veiled event', 'caustic apex legends', 'prestige skin', 'electronic arts', 'ea', 'battle royale', 'battle royale game']"
83,"#3 KINGS at #6 WARRIORS | FULL GAME 3 HIGHLIGHTS | April 20, 2023",17,2328751,23165,0,NaN,2023-04-21T04:47:57Z,590,"['Basketball', 'G League', 'NBA', 'game-0042200163']"
84,Chris Hadfield on SpaceX rocket exploding: It was 'enormously successful',25,482007,10803,0,NaN,2023-04-20T17:52:54Z,357,"['CTV', 'News', 'CTV News', 'ctv news', 'news', 'ctv national news', 'spacex starship', 'spacex', 'spacex launch', 'spacex live stream', 'spacex starship launch', 'spacex starship explosion', 'spacex starship launch explosion', 'spacex launches starship flight test', 'rocket launch fail', 'shorts', 'youtube shorts']"
85,What Exactly Happened On SpaceX's First Starship Launch Attempt?,28,588350,11295,0,NaN,2023-04-20T17:40:06Z,481,NaN
86,MAX REACTS: Street Fighter 6 Showcase,20,412579,17970,0,NaN,2023-04-21T01:24:35Z,2031,"['maximilian', 'dood', 'fighting', 'games', 'capcom', 'street', 'fighter', 'hype', 'rage', 'max', 'reaction', 'twitch', 'videos', 'yo', 'videogames', 'maximilian_dood', 'max dood', 'dude', 'stream', 'streaming', 'street fighter 6', 'sf6', 'street fighter 6 showcase', 'sf6 showcase', 'sf6 reaction', 'street fighter 6 reaction']"
87,I Upgraded Boring Minecraft Structures,20,508604,14400,0,NaN,2023-04-20T14:00:32Z,1577,"['minecraft hardcore', 'hardcore series', 'giant mega build', 'minecraft challenge video', 'tazoh', 'survival', 'minecraft smp', 'minecraft server', 'minecraft 1.19', 'wadzee', 'sandiction', 'beppo', 'hardcore', 'minecraft 100 days', 'minecraft trap', 'spoke', 'rekrap2', 'parrot', 'lifesteal smp', 'wenzo', 'minecraft survival', 'school smp', 'minecraft lore', 'minecraft story', 'echocraft', 'acookiegod', 'minecraft structure', 'I Upgraded Boring Minecraft Structures', 'outcasts']"
88,Elon Musk's Starship Just Exploded: What's Next for SpaceX?,2,275549,3114,0,NaN,2023-04-20T17:38:38Z,229,"['elon musk', 'space x', 'starship', 'starship launch', 'spacex starship', 'super heavy', 'super heavy launch', 'super heavy booster', 'super heavy space x', 'raptor', 'raptor engines', 'raptor engines spacex', 'grenades', 'what is spacex', 'risk data analyst', 'rocket', 'space exploration', 'musk spacex', 'musk twitter', 'starship space craft', 'space mission', 'space exploration spacex', 'spacex starship launch', 'spacex launch', 'spacex launch today', 'starship launch date', 'key challenges', 'george downs', 'wsj', 'usnews']"
89,White Men Can‚Äôt Jump | Official Trailer | 20th Century Studios,1,1164566,4029,0,NaN,2023-04-20T16:00:37Z,152,['Trailer']
90,HUH?! (feat. j-hope),10,844631,125026,0,NaN,2023-04-21T04:02:05Z,184,"['Agust D', 'D-DAY', 'HUH?! (feat. j-hope)']"
91,Unstoppable... | Ryan Garcia Road to the Ring,17,727716,24949,0,NaN,2023-04-20T20:55:55Z,611,"['Ryan Garcia', 'Boxing', 'Ryan Garcia boxing', 'DAZN', 'GOLDEN BOY', 'ryan garcia highlights', 'ryan garcia fight', 'boxing highlights', 'boxing vlog', 'ryan garcia vlog', 'ryan garcia knockout', 'boxing knokout', 'garcia', 'ryan garcia training', 'ryan garcia speed', 'ryan garcia full fight', 'ryan garcia sparring', 'knockout', 'training', 'fight', 'ryan garcia youtube', 'vlog', 'ryan garcia knockouts', 'boxing', 'tank davis', 'ryan vs tank', 'garcia vs davis', 'showtime boxing', 'ryan garcia next fight', 'GERVONTA', 'press conference']"
92,Going to 10 NBA Games in 50 Hours,17,1465922,49244,0,NaN,2023-04-19T21:03:00Z,1579,"['Jesser', 'going to 10 games in 50 hours', '10 games in 50 hours', 'going to 10 nba games in 50 hours', '3 NBA games in 24 hours', 'nba challenge', 'nba 50 hour challenge', 'impossible 50 hour challenge', 'best 24 hour challenge', 'jesser 24 hours', '50 hours', '50 hour challenge', 'how NBA games in 50 hours', 'bucks', 'miami heat', 'steph curry', 'giannis antetokounmpo']"
93,"#4 SUNS at #5 CLIPPERS | FULL GAME 3 HIGHLIGHTS | April 20, 2023",17,1476272,12523,0,NaN,2023-04-21T05:23:20Z,592,"['Basketball', 'G League', 'NBA', 'game-0042200173']"
94,INSIDIOUS: THE RED DOOR ‚Äì Official Trailer (HD),24,10119464,56832,0,NaN,2023-04-19T14:00:09Z,160,NaN
95,Godzilla x Kong: Title Reveal,1,1919534,65703,0,NaN,2023-04-19T16:00:23Z,36,NaN
96,"""I'M GOING TO DROWN RYAN GARCIA!"" Gervonta Tank Davis | Off the Cuff",17,778874,11705,0,NaN,2023-04-19T23:00:31Z,855,"['gervonta davis', 'gervonta tank davis', 'tank', 'tank davis', 'gervonta davis vs ryan garcia', 'gervonta davis interview', 'tank interview', 'gervonta tank davis interview', 'gervonta davis ryan garcia', 'gervonta tank davis ryan garcia', 'gervonta tank davis ryan garcia fight', 'ryan garcia vs tank davis', 'ryan garcia tank davis', 'ryan garcia', 'dazn', 'dazn boxing', 'boxing', 'boxing interview', 'gervonta davis boxing', 'gervonta davis fight', 'dazn off the cuff']"
97,"Chuck Reacts to Dillon Brooks Calling LeBron ""Old"" | Inside the NBA",17,976644,7662,0,NaN,2023-04-20T05:11:16Z,126,"['bleacher report', 'br', 'nba', 'dillon brooks', 'dillon brooks lebron james', 'dillon brooks vs. lakers', 'dillon brooks highlights', 'dillon brooks trash talk', 'lakers vs. grizzlies', 'nba highlights', 'nba playoffs', 'nba playoffs 2023', 'ja morant', 'dillon brooks interview', 'dillon brooks postgame game 2', 'inside the nba', 'chuck dillon brooks', 'chuck lebron james', 'dillon brooks lebron old', 'dillon brooks lebron interview', 'chuck funny', 'inside the nba chuck']"
98,I beat WORLD RECORDS in LEGO...,24,2110978,69718,0,NaN,2023-04-19T16:18:34Z,492,"['lego', 'lego challenge', 'lego meme', 'lego creation', 'lego minifig', 'lego minifigure', 'lego video', 'legos', 'lego set', 'lego sets', 'lego ideas', 'lego city', 'lego star wars', 'lego minecraft', 'lego build', 'lego builder', 'lego movie']"
99,Rosa Pastel,10,733902,40520,0,NaN,2023-04-19T10:03:40Z,205,"['Peso Pluma', 'Jasiel Nu√±ez', 'Rosa Pastel']"
100,Grupo Frontera x Bad Bunny - un x100to (Video Oficial),10,48912030,1393399,0,NaN,2023-04-17T16:00:14Z,195,"['bad bunny', 'grupo frontera', 'frontera', 'frontera grupo', 'bad bunny grupo frontera', 'grupo frontera bad bunny', 'bad bunny grupo frontera audio', 'un por ciento', 'un porciento', '1 porciento', 'UN X100TO', 'bad bunny grupo frontera unx100to', 'bad bunny un porciento', 'bad bunny un por ciento', 'grupo frontera un porciento', 'grupo frontera un por ciento', 'bad bunny grupo frontera un x100to', 'bad bunny un porciento audio', 'bad bunny 2023', 'uno por ciento', '1 por ciento', 'bad bunny un porciento letra', '2023']"
101,I Know Which Team Is Going To Win The 2023 NBA Championship,17,1217844,59432,0,NaN,2023-04-19T22:18:42Z,854,"['LeBron James', 'House of Highlights', 'ESPN', 'NBA highlights', 'Jimmy Highroller', 'NBA trash talk', 'Buzzer Beaters', 'Brooklyn Nets', 'Ankle Breakers', 'Shannon Sharpe', 'NBA Championship', 'Rebound', 'Golden Hoops', 'Stephen Curry', 'Lakers', 'NBA Playoffs', 'NBA MVP', 'nba championship', 'golden state warriors', 'stephen curry', 'nba breaking news', 'Lakers trade', 'Kyrie Irving Trade', 'All-star voting NBA', 'Kevin Durant trade', 'Pheonix Suns', 'Kyrie Irving trade', 'Russell Westbrook trade', 'LeBron scoring record']"
102,SpaceX Starship Finally Takes Flight! What happened!?,28,358065,20269,0,NaN,2023-04-21T15:01:40Z,558,"['Spacex starship update', 'faa launch license', 'Labpadre', 'spacex launch', 'spacex orbital launch', 'Spacex static fire', 'starship orbital flight', 'faa launch license spacex', 'rgv aerial photography', 'Spacex starship landing', 'starship full stack', 'Nasaspaceflight', 'nasa juice mission', 'spacex transporter 7', 'spacex starship', 'Starbase', 'spacex starship launch', 'astrolab rover', 'Spacex news', 'Spacex', 'starlink satellite', 'Marcus house', 'elon musk', 'Falcon heavy']"
103,I Lived in My Bathroom for a Week,23,522664,46558,0,NaN,2023-04-19T18:24:23Z,2845,"['Tiny home', 'bathroom makeover', 'design', 'funny', 'trying to live', '24 hour challenge', 'I tried', 'Andrew siwicki', 'Mac', 'Ethan nestor', 'crankgameplays', 'spooky', 'cute', 'fun', 'friends', ""90's"", '90s', 'vhs', 'retro', 'minimalism', 'meme', 'memes', 'wholesome', 'vibes']"
104,BLACKPINK Carpool Karaoke,24,11663899,936077,0,NaN,2023-04-19T05:45:07Z,862,"['The Late Late Show', 'Late Late Show', 'James Corden', 'Corden', 'late night', 'late night show', 'comedy', 'comedian', 'celebrity', 'celeb', 'celebrities', 'CBS', 'joke', 'jokes', 'funny', 'funny videos', 'funny video', 'humor', 'hollywood', 'famous']"
105,FAST X | Official Trailer 2,1,11149341,90550,0,NaN,2023-04-19T21:00:53Z,156,"['Fast & Furious', 'Hobbs & Shaw']"
106,Brave man rescues exhausted coyote,15,2107466,13535,0,NaN,2023-04-19T14:30:00Z,181,NaN
107,"Spending $16,051,859 for the STRONGEST AIRFORCE in Roblox",20,1328906,32322,0,NaN,2023-04-19T20:12:51Z,1322,"['roblox military tycoon', 'military tycoon roblox', 'military tycoon', 'roblox military tycoon memes', 'military tycoon update', 'update military tycoon', 'new update military tycoon', 'military tycoon new update', 'military tycoon funny moments roblox', 'military tycoon roblox meme', 'roblox military tycoon compilation', 'military tycoon funny moments', 'roblox military tycoon funny moments compilation', 'military tycoon compilation', 'military tycoon b29', 'roblox', 'roblox military update', 'socksfor3', 'socks', 'sock']"
108,I Asked 7 YouTubers for ASMR Ideas... I went too far.,24,693376,46720,0,NaN,2023-04-20T03:32:58Z,3082,"['gibi', 'asmr', 'gibi asmr', 'requests', 'i asked youtubers', 'moistcritikal', 'penguinz0', 'charlie', 'simplynailogical', 'cristine', 'safiya', 'safiya nygaard', 'mr beast', 'anthony padilla', 'nux', 'nux taku', 'crank gameplays', 'ethan', 'shrek', 'swords', 'groan tube', 'water wigglers', 'cinematic', 'medieval', 'long', 'lawn mower', 'weight lifting', 'gym', 'bonsai', 'cat water fountain', 'impersonation', 'for sleep']"
109,UNHhhh ep 200 - Jealousy,24,614360,42839,0,NaN,2023-04-19T19:00:02Z,735,"['world of wonder', 'world of wonder productions', 'wow report', 'wow presents', 'wow presents plus', 'wow pp', 'wowpp', ""rupaul's drag race"", 'drag race', 'unh', 'unhhhh', 'season', 'eight', 'trixie', 'mattel', 'katya', 'zamo', 'zamolodchikova', 'episode', '200', 'premiere', 'jealousy', 'green', 'envy']"
110,The Truth about where we've been...,26,501594,28329,0,NaN,2023-04-19T22:00:16Z,1291,"['big news', 'telling the truth', 'honest', 'relationship', 'chronic pain', 'life in hawaii', 'life updates', 'vlog', 'where did mr. kate go', ""everything's ok"", 'life update', 'update', 'spilling the tea', 'making future plans', 'what is it like to live in hawaii', 'are you having another baby', 'questions and answers', 'q&a', 'honest conversation', 'intimate', 'helpful', 'inspiring', 'getting better', 'healing', 'renovation', 'home makeover', 'revealing', 'couples', 'therapy', 'couples therapy', 'caring', 'sharing', 'migraines', 'healing migraines', 'emotional']"
111,Sleep Token - DYWTYLM,10,295917,19334,0,NaN,2023-04-19T23:00:25Z,241,"['Sleep Token', 'Northlane', 'Loathe', 'Bring Me The Horizon', 'Architects', 'Spiritbox', 'Bad Omens', 'ERRA', 'Silent Planet', 'Make Them Suffer']"
112,I Fooled My Friends with SCARY MYTHS in Minecraft,20,1096794,33703,0,NaN,2023-04-19T21:00:11Z,684,"['Minecraft Myths', 'Scary Minecraft', 'Minecraft Pranks', 'minecraft', 'preston', 'brianna', 'gaming', 'funny', 'family friendly', 'ssundee', 'unspeakable', 'mrbeast', 'aphmau', 'canman', 'lankybox', 'cash minecraft', 'nico mc', 'stokestwins', 'gametoons', 'maizen', 'eyestreem']"
113,Kansas City man charged in Ralph Yarl shooting pleads not guilty,25,250697,2521,0,NaN,2023-04-19T22:57:22Z,208,"['news', 'local news']"
114,La bebe (Remix),10,1000279,6885,0,NaN,2023-04-19T04:03:46Z,859,"['Yng Lvucas & Peso Pl√∫maa', 'La bebe']"
115,Indie World Showcase 4.19.2023 - Nintendo Switch,20,1057845,26322,0,NaN,2023-04-19T16:29:57Z,1305,"['nintendo', 'game', 'gameplay', 'fun', 'video game', 'action', 'adventure', 'rpg', 'play', 'switch', 'nintendo switch', 'indie world', 'indie dev', 'indie games']"
116,passionfruit spritz cocktails & layered dip with kenny! | what's in my kitchen?,22,1005386,38857,0,NaN,2023-04-19T18:00:11Z,1101,NaN
117,Dimension 20: The Ravening War Trailer,23,551135,32614,0,NaN,2023-04-19T17:30:09Z,209,"['dimension 20', 'matthew mercer', 'dimension 20 trailer', 'the ravening war', 'a crown of candy', 'trailer', 'brennan lee mulligan', 'anjali bhimani', 'aabria iyengar', 'lou wilson', 'zac oyama']"
118,Meet the Queens of All Stars 8! üåü | QUEEN RUVEAL | RuPaul‚Äôs Drag Race AS8 üë†‚ú®,24,1110700,39871,0,NaN,2023-04-20T15:26:39Z,1303,"['vh1', 'rupaul', ""rupaul's drag race"", 'drag race']"
119,How North Korea Brainwashes its People,27,964658,32825,0,NaN,2023-04-19T15:00:24Z,1878,"['Johnny Harris', 'Johnny Harris Vox', 'Vox Borders', 'Johnny Harris Vox Borders', 'Vox', 'north korea', 'nk', 'korea', 'cinema', 'film', 'propaganda', 'history', 'Kim Jong-Il']"
120,"Max Scherzer gives detailed explanation of his 4th inning ejection, feels it was unwarranted | SNY",17,165773,1413,0,NaN,2023-04-19T22:52:47Z,419,"['sny', 'sportsnet new york', 'sny tv', 'sny ny', 'sny sports', 'sny new york', 'sny network', 'sportsnet']"
121,Foo Fighters - Rescued (Lyric Video),10,684127,35926,0,NaN,2023-04-19T12:00:30Z,260,"['foo fighters', 'rescued', 'but here we are', 'dave grohl', 'rami jaffee', 'pat smear', 'chris shiflett', 'nate mendel', 'new album', 'rock music', 'rock', 'this is happening now']"
122,Grupo Firme - Los Tucanes De Tijuana - Secuestro de Amor  (Video Oficial),10,2855900,56405,0,NaN,2023-04-18T17:59:09Z,236,"['Grupo Firme', 'Grupo Firme music', 'Grupo Firme nuevo video', 'Grupo Firme video', 'Grupo Firme video oficial', 'Grupo Firme mix 2021', 'Grupo Firme Covers', 'Grupo Firme new video', 'Grupo Firme official video', 'Grupo Firme video nuevo', 'new single Grupo Firme', 'Firme', 'Firme music', 'Firme nuevo video', 'Firme video', 'Firme Covers', 'Firme mix 2021', 'Firme new video', 'Firme official video', 'Firme video nuevo', 'new single Firme', 'los tucanes de tijuana corridos 2023', 'secuestro de amor']"
123,Max Scherzer ejected from start vs Dodgers after heated argument w/ umps over switching gloves | SNY,17,392237,1379,0,NaN,2023-04-19T20:39:47Z,422,"['sny', 'sportsnet new york', 'sny tv', 'sny ny', 'sny sports', 'sny new york', 'sny network', 'sportsnet']"
124,"Extreme - ""#Rebel"" (Official Music Video)",10,526327,28747,0,NaN,2023-04-19T13:59:23Z,268,NaN
125,Nick Eh 30 reacts to Lock On Pistol in Fortnite!,20,274855,8242,0,NaN,2023-04-19T20:41:28Z,1013,"['fortnite', 'fortnite gameplay', 'fortnite battle royale', 'fortnite funny moments', 'fortnite new update', 'fortnite victory royale', 'Fortnite Item Shop', 'Fortnite funny', 'Fortnite tips', 'Fortnite Update', 'Fortnite How To Win', 'Fortnite how to play', 'Fortnite Victory Royale', 'Fortnite tournament', 'fortnite best moments', 'Fortnite event', 'Nick eh 30', 'FORTNITE new map', 'Fortnite live', 'Fortnite nick eh 30', 'fortnite new season', 'Fortnite Chapter 4', 'Fortnite Chapter 4 Season 3', 'Fortnite Season 3']"
126,The Venture Bros.: Radiant is the Blood of the Baboon Heart | First Look | Warner Bros. Ent.,24,261681,13154,0,NaN,2023-04-19T16:00:23Z,77,"['Buy The Venture Bros.: Radiant is the Blood of the Baboon Heart online', 'Watch The Venture Bros.: Radiant is the Blood of the Baboon Heart online', 'Rent The Venture Bros.: Radiant is the Blood of the Baboon Heart', 'Stream The Venture Bros.: Radiant is the Blood of the Baboon Heart online', 'Warner brothers movies', 'warner bros movies', 'The venture bros', 'venture bros', 'venture brothers', 'venture bros trailer']"
127,Star Trek: Strange New Worlds | Second Season Teaser Trailer | Paramount+,24,1547938,4732,0,NaN,2023-04-19T16:03:18Z,116,['star trek']
128,"Extreme - ""Banshee"" (Official Music Video)",10,713418,36129,0,NaN,2023-04-19T13:59:18Z,219,NaN
129,GOLDEN BUZZER is one of the BEST VOICES Simon's ever heard | Auditions | BGT 2023,24,4533769,92671,0,NaN,2023-04-16T19:40:39Z,540,"[""britain's got talent"", 'britains got talent', 'talent', 'bgt', 'ant and dec', 'ant', 'dec', 'simon cowell', 'david walliams', 'alesha dixon', 'amanda holden', 'got talent', 'bgt auditions', 'bgt judges', 'britains got talent auditions', 'british talent show', 'ant and dec on bgt', 'Great Britain', 'amazing auditions', 'london auditions', 'BGT 2022', ""Britain's Got Talent 2022"", 'UK Talent', 'Talent Show']"
130,Garrett Is Dead | The Funeral Roast,23,419545,24484,0,NaN,2023-04-19T14:00:21Z,2626,"['smosh', 'smosh games', 'smosh pit', 'ian and anthony', 'anthony and ian', 'smosh anthony', 'smosh ian', 'smush', 'smoosh', 'comedy', 'sketch comedy', 'sketch', 'skit', 'skit comedy', 'comedy sketches', 'funny sketches', 'stand up', 'stand up comedy', 'funny', 'ian hecox', 'anthony padilla']"
131,Freestyle with Love is Blind‚Äôs Marshall Glaze | The Viall Files w/ Nick Viall,22,487801,9052,0,NaN,2023-04-18T15:00:30Z,5567,"['nick viall', 'bachelor', 'abc', 'viall files', 'dating', 'tips', 'dating tips', 'dating advice', 'life advice', 'life hacks', 'season 27', 'love is blind', 'pop culture', 'hot goss', 'drama']"
132,"#7 LAKERS  at #2 GRIZZLIES | FULL GAME 2 HIGHLIGHTS | April 19, 2023",17,2069354,14421,0,NaN,2023-04-20T02:17:08Z,577,"['Basketball', 'G League', 'NBA', 'game-0042200152']"
133,EST Gee - LIE TO ME SOME MORE (Official Music Video),10,711464,15879,0,NaN,2023-04-18T16:00:30Z,171,"['EST', 'Gee', 'LIE', 'SOME', 'MORE', 'CMG/Warlike', 'Hip', 'Hop']"
134,Food Theory: Is Logan Paul LYING About Prime Energy Too?!,26,1602577,78236,0,NaN,2023-04-18T21:21:49Z,1548,"['Prime energy', 'prime energy taste test', 'prime energy drink', 'logan paul energy drink', 'logan paul', 'logan paul prime', 'logan paul podcast', 'prime', 'prime drink', 'prime hydration', 'energy drink', 'energy drinks', 'prime review', 'prime taste test', 'impulsive', 'monster', 'monster energy', 'red bull', 'prime energy vs red bull', 'prime energy vs monster', 'ghost', 'ghost energy drink', 'prime energy drink flavors', 'prime flavors', 'ksi', 'ksi prime', 'logan paul vlog', 'logan paul youtube', 'food theory', 'food theorists']"
135,"I Gave Away $2,700,000 of Free Clothes",22,4371239,385008,0,NaN,2023-04-18T18:00:10Z,332,NaN
136,I SPENT 100 HOURS IN CAPSULE HOTELS!!,24,3023956,105906,0,NaN,2023-04-19T00:25:43Z,713,NaN
137,Monster Hunter Rise: Sunbreak - Free Title Update 5: Amatsu & Risen Shagaru Magala,20,180932,7456,0,NaN,2023-04-19T14:14:26Z,182,"['monster hunter', 'mh', 'action', 'rpg', 'hunting', 'multiplayer', 'capcom', 'rise', 'sunbreak', 'amatsu']"
138,Yailin La Mas Viral ‚ùå Shadow Blow - Solo T√∫ y Yo (Visualizer),10,2054819,120168,0,NaN,2023-04-18T04:00:09Z,149,"['Yailin La Mas Viral', 'Solo Tu y Yo', 'Tu y Yo', 'Shadow Blow', 'Yailin y Shadow Blow', 'Yailin y Shadow', 'Yailin Solo Tu y Yo', 'Yailin Tu y Yo', 'Yailin y Anuel', 'Yailin Romantico', 'Yailin Musica', 'Solo T√∫ y Yo', 'Chikilio', 'Si Tu Me Busca']"
139,"LFR16 - Round 1, Game 1 - Lesson - Lightning 7, Maple Leafs 3",17,218267,9202,0,NaN,2023-04-19T06:26:57Z,1229,"['Hockey', 'NHL', 'Steve Dangle', 'Toronto Maple Leafs', 'Maple Leafs', 'Leafs', 'LIGHTNING LEAFS', 'TAMPA BAY LIGHTNING', 'GAME 1', 'GAME 1 HIGHLIGHTS', 'GAME 1 RECAP', 'BOLTS LEAFS', 'MAPLE LEAFS LIGHTNING', 'TORONTO MAPLE LEAFS VS TAMPA BAY LIGHTNING', 'LIGHTNING LEAFS GAME 1', 'MAPLE LEAFS LIGHTNING GAME 1', 'GAME 1 HIGHLIGHTS LEAFS LIGHTNING', 'BUNTING HIT GAME 1', 'BUNTING HIT', 'MICHAEL BUNTING', 'CERNAK', 'HIT CERNAK BUNTING', 'DANG ITS', 'HAT PICKS', 'DANGLE LFR', 'LFR LIGHTNIG LEAFS', 'GAME 1 LFR', 'FULL GAME']"
140,Draymond Ejected After STEPPING On Sabonis üò≥,17,933304,4497,0,NaN,2023-04-18T04:30:35Z,58,"['bleacher report', 'br', 'nba', 'basketball', 'draymond green', 'sabonis draymond', 'draymond sabonis', 'kings vs warriors', 'warriors vs kings', 'nba playoffs']"
141,Monster Hunter Digital Event - April 2023,20,144197,7232,0,NaN,2023-04-19T13:45:11Z,692,"['monster hunter', 'mh', 'action', 'rpg', 'hunting', 'multiplayer', 'capcom', 'rise', 'sunbreak']"
142,SO GOOD they got Bruno's Golden Buzzer MID-PERFORMANCE | Auditions | BGT 2023,24,5228534,133736,0,NaN,2023-04-15T20:04:35Z,517,"[""britain's got talent"", 'britains got talent', 'talent', 'bgt', 'ant and dec', 'ant', 'dec', 'simon cowell', 'david walliams', 'alesha dixon', 'amanda holden', 'got talent', 'bgt auditions', 'bgt judges', 'britains got talent auditions', 'british talent show', 'ant and dec on bgt', 'Great Britain', 'amazing auditions', 'london auditions', 'BGT 2022', ""Britain's Got Talent 2022"", 'UK Talent', 'Talent Show']"
143,How Corporate Consolidation is Killing Ski Towns,27,766318,25212,0,NaN,2023-04-18T14:30:14Z,1552,NaN
144,"I 100%'d Zelda Link's Awakening, Here's What Happened",20,327534,4679,0,NaN,2023-04-18T20:31:31Z,2363,"['the legend of zelda', 'Botw', 'zelda botw', 'link', 'zelda', 'the legend of zelda links awakening', 'links awakening', 'zelda links awakening', 'links awakening gameplay', 'can i beat the legend of zelda links awakening', ""i 100%'d links awakening"", '100 percent links awakening', '100% links awakening', '100% zelda links awakening', ""i 100%'d the legend of zelda links awakening"", ""link's awakening"", 'the legend of zelda tears of the kingdom', 'the legend of zelda breath of the wild']"
145,Legacy 3 Birthday Partyüéä I Made It To My Baby ‚ù§Ô∏è I‚ÄôM BACK!!!!!!,22,200247,13289,0,NaN,2023-04-19T01:51:00Z,899,NaN
146,Solo Tu Y Yo,10,827468,40716,0,NaN,2023-04-17T18:59:02Z,148,"['Yailin La Mas VIral', 'Shadow Blow', 'Solo Tu Y Yo']"
147,Spring Thaw! Let's get the Planter Out!,22,393667,25080,0,NaN,2023-04-18T18:00:30Z,1124,NaN
148,Stephen A. Smith admits he‚Äôs DISGUSTED with Draymond Green‚Äôs suspension üçø üî• | First Take,17,761875,10436,0,NaN,2023-04-19T14:48:29Z,710,"['First Take', 'First Take full show', 'first take espn', 'espn first take', 'Stephen a smith', 'Stephen a', 'Stephen A. Smith', 'First Take on ESPN', 'first take full', 'first take full show', 'Stephen a first take', 'Stephen A. First Take', 'ESPN', 'golden state warriors', 'first take', 'stephen a smith', 'stephen a smith draymond green', 'draymond green', 'draymond green suspended', 'NBA on ESPN', 'Stephen A. Smith admits he‚Äôs DISGUSTED with Draymond Green‚Äôs suspension üçø üî• | First Take']"
149,Bianca Belair Shows Why She Is The EST In The Ice Tubs With Kevin Hart | Cold as Balls | LOL Network,23,1953148,13630,0,NaN,2023-04-18T14:47:29Z,919,"['kevin hart', 'hartbeat productions', 'funny', 'comedy', 'comedian', 'plastic cup boyz', 'actor', 'stand up', 'lol', 'laugh out loud', 'LOL Network', 'laugh out loud network', 'african american', 'wwe', 'bianca belair', 'sasha banks', 'EST', 'wrestlemania', 'humor', 'hygiene', 'ice boys', 'bambam', 'darryl', 'white hand', 'cold as balls', 'CAB', 'CABSeason8', 'ice', 'k hart', 'montez ford', 'john cena', 'ronda rousey', 'rey mysterio', 'hulk hogan', 'rhea ripley', 'asuka', 'old spice']"
150,KAROL G - Mientras Me Curo Del Cora (Live on Saturday Night Live),10,1725512,31445,0,NaN,2023-04-18T04:03:26Z,193,"['karol', 'MSB', 'mientras me curo del cora', 'mientras me curo del cora karol', 'Saturday Night Live', 'SNL', 'SNL karol', 'Ana de Armas', 'Ana de Armas Karol', 'SNL Ana de armas', 'SNL spanish class', 'NBC', 'live performance', 'nuevo album karol', 'karol romeo santos', 'si volvemos karol', 'cairo', 'por si volvemos', 'provenza', 'gatubela', 'mami karol', 'tusa', 'romeo santos', 'cairo karol letra', 'karol provenza', 'bichota karol', 'carol', 'ma√±ana', 'sera', 'bonito']"
151,Agust D 'Ìï¥Í∏à' Official Teaser,10,3980478,836717,0,NaN,2023-04-19T15:00:03Z,33,"['HYBE', 'HYBE LABELS', 'ÌïòÏù¥Î∏å', 'ÌïòÏù¥Î∏åÎ†àÏù¥Î∏îÏ¶à']"
152,The Most Cursed Dating Shows | JonTron,23,1746005,117415,0,NaN,2023-04-17T20:32:49Z,1146,"['jontron', 'jontronshow', 'dating', 'shows', 'funny', 'comedy', 'sexy beasts', 'room raiders']"
153,East Palestine Train Derailment Explained,27,556845,27454,0,NaN,2023-04-18T13:00:42Z,1048,NaN
154,Overthinkers be like...,1,394740,38687,0,NaN,2023-04-18T18:41:31Z,253,"['swoozie', 'adande', 'animation', 'funny', '2d']"
155,Super Mario Bros. Movie with a side of salt,20,316851,18797,0,NaN,2023-04-18T19:00:03Z,520,NaN
156,Chelsea vs. Real Madrid: Extended Highlights | UCL Quarter-Finals - Leg 2 | CBS Sports Golazo,17,1063180,10320,0,NaN,2023-04-18T21:10:35Z,705,"['Champions League', 'Europa League', 'Soccer', 'UEFA', 'UCL', 'European Soccer', 'European Football', 'European Futbol', 'UEL']"
157,The Boogeyman | Official Trailer | 20th Century Studios,1,2653428,21866,0,NaN,2023-04-17T16:00:05Z,147,['Trailer']
158,'Love is Blind' Couples Play Truth or Drink (Spoilers!) | Cut,24,967553,30868,0,NaN,2023-04-17T17:00:31Z,484,"['Cut', 'Watch Cut', 'people', 'people videos', 'storytelling', 'relationships', 'Dating', 'Interviews', 'Firsts', 'couples', 'exes', 'love', 'Kids Try', 'games', 'challenges', 'Ethnic groups', 'People Interviews', 'Dares', 'Truth or Dare', '100 ways', 'blind dates', '100 people', 'experiments', '#tbt', 'party games', 'Truth or Drink', 'HiHo Kids', 'Hiho', 'college', '100 YOB', '100 Years of Beauty']"
159,reviewing my younger self,22,1173775,92546,0,NaN,2023-04-17T18:49:55Z,767,"['danny gonzalez', 'dannygonzalez', 'funny', 'skit', 'vine comedy', 'vines']"
160,Napoli vs. AC Milan: Extended Highlights | UCL Quarter-Finals - Leg 2 | CBS Sports Golazo,17,719373,5864,0,NaN,2023-04-18T21:29:52Z,816,"['Champions League', 'Europa League', 'Soccer', 'UEFA', 'UCL', 'European Soccer', 'European Football', 'European Futbol', 'UEL']"
161,Frank Ocean Flopped,10,642141,24427,0,NaN,2023-04-18T02:36:26Z,602,"['music', 'anthony fantano', 'needle drop', 'frank ocean', 'concert', 'coachella', 'festival', 'live', 'performance', 'songs', 'news', 'singer', 'new album', 'reaction', 'review']"
162,Ari Abdul - You (Official Video),10,29615,3829,0,NaN,2023-04-21T04:00:07Z,152,"['Ari abdul', 'ari abdul babydoll', 'ari abdul babydoll speed', 'ari abdul taste', 'ari abdul speed', 'ari abdul Thomas larosa', 'beach weather', 'shaker', 'alisina august', 'darci', 'isabel larosa', 'babydoll', 'Ari', 'babydoll speed', 'imaginary ari', 'imaginary.ari', 'arianna', 'arianna abdul', 'babydoll ari', 'babydoll speed ari', 'babydoll speed imaginary ari', 'ari 2.0', 'babydoll ari abdul', 'lost footage ari abdul', 'you ari abdul', 'youre in your prime youre so divine', 'you', 'could']"
163,Binging with Babish: Tyler's Bullsh*t from The Menu,22,1046498,33988,0,NaN,2023-04-18T13:15:05Z,418,"['the menu', 'babish', 'babbish', 'binging with babish', 'basics with babish', ""tyler's bullshit"", 'lamb recipe', 'sous vide recipe', 'pear qwerty horse', 'babish the menu', 'the menu recipe', 'food from the menu', 'babish the menu food', 'cooking with babbish']"
164,World's Strongest Man EVENT 1 RESULTS!,22,395850,15222,0,NaN,2023-04-19T15:25:09Z,483,"['Eddie hall', 'Larry wheels', 'Brian shaw', 'worlds strongest man', 'deadlift', 'world record', 'strongman', 'giants live', 'history', 'hathor bjornsson', 'mattdoesfitness', 'strength', 'strong', 'official strongman', 'Arnold Schwarzenegger', 'nile wilson', 'martins licis', 'sidemen', 'ksi', 'Logan Paul']"
165,Kelly Clarkson Performs 'mine' | Kellyoke Debut,22,408310,16778,0,NaN,2023-04-18T13:00:19Z,301,"['Kelly Clarkson', 'mine', 'new', 'music', 'song', 'kelly clarkson mine', 'The Kelly Clarkson Show', 'NBC', 'talk show', 'American Idol', 'The Voice', 'singer', 'musician', 'NBC TV', 'Television', 'Funny', 'comedic', 'humor', 'jokes', 'funny video', 'interview', 'variety', 'talent', 'celebrities', 'video', 'clip', 'songs', 'Since U Been Gone', 'Because Of You', 'Stronger', 'Heartbeat Song', 'Breakaway', 'My Life Would Suck Without You', 'Love So Soft', 'Piece by Piece', 'Kelly Clarkson Cover', 'Cover', 'Song', 'Kellyoke', 'kelly clarkson original', 'chemistry', ""Y'all"", ""my band y'all""]"
166,Princess Diana (Extendo Clip),10,270263,14751,0,NaN,2023-04-18T01:02:49Z,199,"['Ice Spice', 'Nicki Minaj', '„Éã„ÉÉ„Ç≠„Éº„Éü„Éä„Éº„Ç∏„É•', '„Éã„ÉÉ„Ç≠„Éº„Éª„Éü„Éä„Éº„Ç∏„É•', 'Princess Diana']"
167,Neeko Gameplay Update | League of Legends,20,1202166,24921,0,NaN,2023-04-18T17:33:58Z,111,"['Neeko', 'Gameplay Update', 'Rework', 'Update', 'Gameplay', 'Midscope', 'Midscope Update', 'Neeko Rework', 'Neeko Midscope', 'Neeko Midscope Update', 'Neeko Update']"
168,A Huge Temperature Crash Is Coming‚Ä¶,24,883639,37065,0,NaN,2023-04-17T19:40:56Z,387,"['weather', 'weather forecasting', 'forecasting', 'forecast', 'wild weather', 'extreme weather', 'intense weather', 'beautiful weather', 'weather channel', 'weather hunter', 'severe weather', 'major', 'intense', 'extreme', 'historic', 'blizzard', 'snow', 'heavy snow', 'major snow storm', 'snowstorm', 'snow squall', 'one foot snow', 'two feet snow', 'winter storm', 'tornado', 'tornado chasing', 'tornado chasers', 'storm chasing', 'storm chasers', 'tornadoes', 'ef5', 'hurricane', 'major hurricane', 'ryan hall']"
169,Wild's Matt Dumba Avoids Major Penalty After Review Of Huge Hit On Stars' Joe Pavelski,17,263336,1198,0,NaN,2023-04-18T03:34:22Z,185,"['canada', 'hockey', 'hockey highights', 'nhl', 'nhl highlights', 'sports', 'sportsnet', 'minnesota wild', 'dallas stars']"
170,First Drive: 2023 Dodge Challenger SRT Demon 170,2,675664,24891,0,NaN,2023-04-17T16:00:30Z,1639,"['Jay Leno', ""Jay Leno's Garage"", 'car reviews', 'compares cars', 'classic cars', 'vintage cars', 'sports cars', 'super cars', 'cars', 'car gear', 'jay leno garage', 'jay lenos garage', 'car collection', 'episode', 'tour', 'dodge', 'Challenger', 'SRT', 'Demon 170', 'Tim Kuniskis', 'Tim Kuniskus', 'Tim Kiniskis', 'CEO', 'car porn']"
171,The Inside the NBA Crew Reacts to Kings-Warriors Game 2 Thriller | NBA on TNT,17,1127710,12252,0,NaN,2023-04-18T05:17:39Z,603,"['NBA on TNT', 'NBA', 'Inside the NBA', 'Charles Barkley', 'Shaq', 'Kenny Smith', 'Ernie Johnson', 'Sacramento', 'Sactown', 'Kings', 'Fox', ""De'Aaron"", 'Malik Monk', 'Huerter', 'Steph', 'Warriors', 'Golden State', 'NBA Playoffs', 'playoffs', 'klay', 'dray', 'draymond', 'ejection']"
172,Inside the NBA discuss Draymond Green Suspension for Game 3 - Kings vs Warriors | 2023 NBA Playoffs,17,853914,7820,0,NaN,2023-04-19T04:57:18Z,396,NaN
173,pain,23,2575362,56863,0,NaN,2023-04-16T21:31:52Z,1287,"['socksfor1', 'socksfor2', 'socksfor3', 'sockstudios', 'animations', 'animation', 'pain', ""i can't feel pain animation"", '3d animation', 'true story animation', 'short animation', 'socksfor1 animation', 'sock animations', 'among us animation', 'real story animation', 'socks animations', '2d animation', 'sasti animation', 'animation story', 'sockstudios things i hate', 'animation meme', '3d animation stories', 'story time animation', 'school stories animation']"
174,The Big Reveal... Kind Of...,24,443107,28335,0,NaN,2023-04-17T20:47:12Z,1578,"['matt', 'dr', 'dr.', 'dr matt', 'dr. matt', 'vet', 'ranch', 'demo', 'demolition', 'demoranch', 'demolitionranch', 'vetranch', 'off', 'the', 'offtheranch', 'vlog', 'vlogger', 'vloggers', 'vlogs', 'vlogging', 'blog', 'daily', 'best', 'vlogged']"
175,‚ÄúWhat Was He Supposed To Do?‚Äù | Inside Reacts To Draymond's Ejection in Game 2 vs Kings | NBA on TNT,17,1317482,12513,0,NaN,2023-04-18T06:06:30Z,259,"['NBA on TNT', 'NBA', 'Inside the NBA', 'Charles Barkley', 'Shaq', 'Kenny Smith', 'Ernie Johnson', 'draymond green', 'warriors', 'kings', 'nba playoffs', 'step', 'ejection', 'dray', 'kick']"
176,"It's the Matrix, but for locusts.",27,1953815,99386,0,NaN,2023-04-17T15:00:19Z,425,"['tom scott', 'tomscott']"
177,one year at ulta beauty q+a with ariana grande | r.e.m. beauty,22,899736,61164,0,NaN,2023-04-17T19:05:52Z,683,"['r.e.m. beauty', 'ulta beauty', 'ariana grande', 'grwm', 'q+a']"
178,The History Of Cool Math Games,24,425940,29739,0,NaN,2023-04-17T18:00:10Z,1564,NaN
179,I Became a Multimillionaire and Turned an Entire City Into a Total Wasteland - Big Ambitions,20,2674154,104547,0,NaN,2023-04-16T17:32:54Z,1828,"[""let's game it out"", 'lets game it out', 'let game it out', ""let'sgameitout"", 'letsgameitout', 'letgameitout', 'game it out', 'gameitout', 'lgio', ""josh let's game it out"", ""let's game it out josh"", 'lgio josh', 'josh lgio', ""let's game it out simulator"", 'josh simulator', 'funny moments', 'big ambitions', 'big ambitions game', ""let's game it out startup company"", 'startup company game', 'hovgaard games', 'big ambitions gameplay', 'big ambitions full game', 'big ambitions funny', 'funny games']"
180,We Ruined An Award Show,24,8659133,509086,0,NaN,2023-04-16T19:02:26Z,1499,NaN
181,"Draymond Green ejected for stomping on Sabonis, Kings def. Warriors in Game 2 | NBA | UNDISPUTED",17,781745,8094,0,NaN,2023-04-18T15:18:18Z,1348,"['NBA', 'Basketball', 'NBA Playoffs', 'Playoffs', 'Playoff basketball', 'UNDISPUTED', 'Shannon Sharpe', 'Skip Bayless', 'Skip and shannon', 'Golden State Warriors', 'Warriors', 'Draymond Green', 'Stephen Curry', 'Klay Thompson', 'Jordan Poole', 'Sacramento Kings', 'Kings', ""De'Aaron Fox"", 'Malik Monk', 'Domantas Sabonis', 'Sabonis', 'ejected', 'show', 'fs1', 'fox sports', 'fox sports 1', 'sports', 'sports news', 'NBA on FOX', 'NBA on FS1', '2022 NBA Offseason', '2022-2023 NBA Seasonn', 'Eastern Conference', 'Western Conference', 'The Association']"
182,I Got 2000 of the Rarest Axolotl in Minecraft,20,647305,13745,0,NaN,2023-04-17T13:00:41Z,1954,NaN
183,Draymond Green ejected for stomping on Domantas Sabonis | NBA on ESPN,17,762815,3426,0,NaN,2023-04-18T04:46:07Z,74,NaN
184,NCT DOJAEJUNG ÏóîÏãúÌã∞ ÎèÑÏû¨Ï†ï 'Perfume' MV,10,16850904,400461,0,NaN,2023-04-17T09:00:07Z,187,"['nct dojaejung', 'perfume', 'mv', 'music video', 'doyoung', 'jaehyun']"
185,Frank Ocean is Wrong..,10,294752,15602,0,NaN,2023-04-17T19:21:22Z,608,"['frank ocean', 'coachella 2023', 'new set', 'shawn cee', 'music discussion', 'is frank ocean wrong', 'frank ocean is wrong', 'new frank ocean album', 'dancing', 'live']"
186,17 minutes of me trying to convince you to play Valheim,20,741054,46037,0,NaN,2023-04-17T21:00:21Z,1053,NaN
187,"ITS FINALLY HERE, OUR BIGGEST DELIVERY EVER WITH BILLIONAIRE MIKE!",2,538286,32638,0,NaN,2023-04-19T13:00:17Z,868,NaN
188,My Final Adventure Begins... - ARK Caballus [Episode 1],20,453386,36447,0,NaN,2023-04-17T14:00:16Z,2522,"['ark', 'ark survival', 'ark survival evolved', 'syntac ark', 'ark letsplay', 'dinosaur', 'dinosaurs', 'dino', 'ark caballus', 'ark caballus map', 'ark episode 1', 'ark episode one', 'ark ep 1', 'ark new series', 'ark new adventure', 'ark syntac series', 'ark final adventure', 'ark survival ascended', 'ark additions', 'paleo ark', 'animals of atlas', 'modded ark', 'ark modded', 'ark fails', 'ark funny moments', 'ark blood moon', 'ark getting started', 'ark day 1', 'ark day one']"
189,playing old Disney Channel games,22,349467,30125,0,NaN,2023-04-17T17:07:39Z,677,NaN
190,Starlink Mission,28,1350221,29942,0,NaN,2023-04-19T14:46:22Z,1136,"['SpaceX', 'Space', 'Satellite', 'Mission', 'Starlink', 'Falcon 9']"
191,Xenoblade Chronicles 3: Future Redeemed ‚Äì Coming 4/25,20,712029,28140,0,NaN,2023-04-19T01:05:00Z,170,"['nintendo', 'game', 'gameplay', 'fun', 'video game', 'action', 'adventure', 'rpg', 'play', 'switch', 'nintendo switch', 'Xenoblade Chronicles 3 Expansion Pass - Volume 3 - Nintendo Direct 2.8.23', 'xenoblade chronicles', 'Xenoblade Chronicles 3', 'xenoblade chronicles 3', 'xenoblade chronicles 3 expansion pass volume 3', 'xenoblade chronicles expansion pass volume 3 nintendo direct', 'Xenoblade Chronicles', 'xenoblade chronicles 3 expansion pass', 'Xenoblade chronicles', 'xc3', 'xc3 shulk', 'xc3 rex', 'xc3 alvin', 'xc3 dlc']"
192,AI Made this VLOG,22,1322534,72441,0,NaN,2023-04-17T14:35:22Z,305,NaN
193,The NEW WASP BOSS Is INSANE in Grounded,20,245146,5813,0,NaN,2023-04-17T19:30:05Z,945,"['cade', 'imcade', 'iamcade', 'indie', 'pc', 'funny', 'gameplay']"
194,"$1 vs $500,000 Plane Ticket!",24,130260233,4629930,0,NaN,2023-04-01T20:00:04Z,740,NaN
195,LAST TO STOP EATING HOT WINGS,24,3254887,126600,0,NaN,2023-04-17T16:26:40Z,1794,"['beta squad', 'hot ones', 'hot wing challenge', 'hot sauce', 'chunkz', 'niko', 'aj', 'sharky', 'king kenny', 'last to stop eating', 'last to leave', 'last to stop eating hot wings']"
196,Finally... the next chapter! | Caroline Girvan,17,358803,26081,0,NaN,2023-04-17T17:08:05Z,1069,"['caroline girvan', 'cgx', 'cgx app', 'caroline girvan app', 'fitness app', 'social media', 'youtube', 'girvan', 'caroline', 'caroline girvan fitness app', 'app', 'epic', 'epic program', 'dumbbell workout', 'at home workout', 'home workout', 'beastmode program', 'ultimate beginner program', 'ultimate beginner', 'beastmode', 'caroline girvan workout', 'caroline girvan fitness', 'strength training']"
197,Mini-Movie: Lakers Take Game 1 in Memphis | 2023 NBA Playoffs,17,272711,7678,0,NaN,2023-04-18T00:57:10Z,556,"['Lakers', 'NBA', 'Basketball', 'Los Angeles', 'Showtime', 'LakeShow', 'LA', 'Sports', 'National Basketball Association']"
198,How to Survive* a Nuclear Blast,28,435396,32199,0,NaN,2023-04-17T17:00:19Z,652,"['because science', 'engineering', 'kyle hill', 'learning', 'math', 'physics', 'science', 'stem', 'the facility', 'chernobyl', 'nuclear', 'nuclear war', 'atomic bomb', 'nuclear attack', 'how to survive', 'nuclear bomb']"
199,"6ix9ine - WAPAE feat. feat. Angel Dior, Lenier, & Bulin 47 (Official Music Video)",10,8690386,591919,0,NaN,2023-04-15T19:00:17Z,176,NaN
