,id,title,category_id,views,likes,favorites,comments,date,duration,tags
0,yoJp9uR7oQQ,[EN] What’s After LIKE?! 오히려 좋아 ❤‍🔥 대책없는 긍정베이비들의🏅복불복 수학여행 레이스 [돌박이일] EP.1-1 아이브 in 원주 1탄[4K],10,427190,14492,0,NaN,2022-08-28T11:30:08Z,884,"['KBS', 'KPOP', '뮤직', 'KBSKPOP', 'K-POP', '케이팝', 'kpop', 'KBSKpop', '음악', 'kbs kpop', '뮤뱅', '뮤직뱅크', '아이브', 'ive', '스타쉽', '가을', '유진', '레이', '원영', '리즈', '이서', 'GAEUL', 'ガウル', 'YUJIN', 'ユジン', 'REI', 'レイ', 'WONYOUNG', 'ウォニョン', 'LIZ', 'リズ', 'LEESEO', 'イソ', 'LOVE DIVE', '러브다이브', '아이브 뮤뱅', '뮤직뱅크 아이브', 'ive musicbank', 'ive eleven', 'musicbank ive', 'ive After LIKE', 'After LIKE 아이브', '아이브 에프터라이크', '뮤뱅 아이브', '일레븐', 'After LIKE ive', 'musicbank After LIKE', 'After LIKE', 'musicbank afterlike', '원테이크', '뮤뱅 원테이크', '세븐틴', '뉴진스', '르세라핌', '트와이스', 'NCT127', 'NCTdream', '엔드림', '케이팝아이돌', '일박이일', '1박2일', '돌박이일', 'IVE', '유튜브예능', '아이브예능', '아이브 예능', '일박2일', '아이브 원영', '아이브 유진', '수학여행']"
1,MBeYkDYMKT0,[EN/JP] 🎲 L 다음 또 O 다음 tto 당첨보다 짜릿하고 🌈 다채로운 리얼 버라이어티의 세계🗯 [돌박이일] EP.1-2 아이브 in 원주 2탄 [4K],10,871280,22339,0,NaN,2022-09-04T11:00:11Z,1637,"['KBS', 'KPOP', '뮤직', 'KBSKPOP', 'K-POP', '케이팝', 'kpop', 'KBSKpop', '음악', 'kbs kpop', '아이브', '원영', '장원영', '유진', '안유진', '레이', '가을', '리즈', '이서', 'afterlife', '애프터라이크', '돌박이일', '1박2일', '돌박2일', '4k', '버라이어티', '안pd', '가을작가', '뮤뱅', '뮤직뱅크', 'ive', '스타쉽', 'GAEUL', 'ガウル', 'YUJIN', 'ユジン', 'REI', 'レイ', 'WONYOUNG', 'ウォニョン', 'LIZ', 'リズ', 'LEESEO', 'イソ', 'LOVE DIVE', '러브다이브', '아이브 뮤뱅', '뮤직뱅크 아이브', 'ive musicbank', 'ive eleven', 'musicbank ive', 'ive After LIKE', 'After LIKE 아이브', '아이브 에프터라이크', '뮤뱅 아이브', '일레븐', 'After LIKE ive', 'musicbank After LIKE', 'After LIKE', 'musicbank afterlike', '케이팝아이돌', 'IVE', '유튜브예능', '아이브예능', '아이브 예능', '일박2일', '아이브 원영', '아이브 유진', '수학여행']"
2,uBEX04c7yCU,[EN/JP] 😷아이브? 알아보지마!🫥 심장쫄깃 시장레이스 😈 거기 맑은 눈의 광인(👁‿👁)ㅋㅋ을 곁들인.. [돌박이일] EP.1-3 아이브 in 원주 [4K],10,427235,12709,0,NaN,2022-09-11T11:00:14Z,1775,"['KBS', 'KPOP', '뮤직', 'KBSKPOP', 'K-POP', '케이팝', 'kpop', 'KBSKpop', '음악', 'kbs kpop', '아이브', 'IVe', 'IVE', '안유진', '장원영', '리즈', '가을', '이서', '레이', '김레이', '콘수니', '아이브 예능', '돌박', '돌박2일', '1박2일', '돌박이일', '돌박 아이브', '원주 아이브', '울렁다리', '소금산', '미로시장', '미로예술시장', '원주 시장', '아이브 AfterLIKE', '애프터라이크', 'AfterLIKE', '아이브 1위', '아이브 방송', '아이브 돌박', '아이브 1박', '아이돌', '아이돌 예능', '케이팝 예능', '아이브 유진', '아이브 원영', '아이브 장원영', '수학여행', '레이스', '아이브 이서', '아이브 레이', '아이브 리즈', '아이브 가을', '가을선배', '애프터라이크 아이브', '뮤뱅 아이브', 'ユジン', 'リズ', 'ウォニョン', 'レイ', 'イソ', 'ガウル', 'WONYOUNG', 'YUJIN', 'LEESEO', 'GAEUL', 'LIZ', 'REI', '돌박2일 아이브 예능', '아이브 교복', '원영 교복']"
3,JZrkv9Tl2Gg,[EN/JP] 💘건축학개론💘 그 첫사랑 원영 선배 왔다.. 얘들아(0명) 산삼면 들어본 사람?🍜 [돌박이일] EP.2-1 아이브 in 춘천 1탄 [4K],10,445470,13092,0,NaN,2022-09-18T11:00:11Z,1791,"['KBS', 'KPOP', '뮤직', 'KBSKPOP', 'K-POP', '케이팝', 'kpop', 'KBSKpop', '음악', 'kbs kpop', '아이브', 'IVE', '안유진', '장원영', '가을', '이서', '레이', '리즈', '김지원', '콩순이', '콘수니', '원영', 'AfterLIKE', '아이브 AfterLIKE', '러브다이브', '일레븐', '돌박2일', '돌박', '돌박이일', '아이브 예능', '춘천', '아이브 춘천', '아이브 장원영', '아이브 안유진', '안유진 예능', '1박2일', '아이돌 예능', '아이브 뮤뱅', '춘천 케이블카', '가을선배', '장원영 춘천', '춘천 닭갈비', '아이브 1위', 'ガウル', 'YUJIN', 'ユジン', 'レイ', 'REI', 'LEESEO', 'イソ', 'ウォニョン', 'WONYOUNG', 'LIZ', 'リズ', 'ive musicbank', 'ive eleven', '4k', '아이브 대학교', '건축학개론', 'GAEUL', 'musicbank After LIKE', '케이팝 예능', '1N2D', 'IDOL 1N2D', '아이브 레이', '아이브 가을', '아이브 리즈', '닭갈비', '케이블카', '춘천 삼악산', '여행 예능', '아이브 여행', '춘천 여행', '춘천 코스']"
4,FpdjUR445Dk,[EN/JP] 아이브도 퇴근은 못 참지😜 NEW언니즈🛶 VS 작은 아기즈🚠 텔레파시 보내 빨리⚡️ [돌박이일] EP.2-2 아이브 in 춘천 2탄 [4K],10,265413,8325,0,NaN,2022-09-25T09:00:08Z,1874,"['KBS', 'KPOP', '뮤직', 'KBSKPOP', 'K-POP', '케이팝', 'kpop', 'KBSKpop', '음악', 'kbs kpop', '아이브', 'IVE', '안유진', '장원영', '가을', '이서', '레이', '리즈', '김지원', '콩순이', '콘수니', '원영', 'AfterLIKE', '아이브 AfterLIKE', '러브다이브', '일레븐', '돌박2일', '돌박', '돌박이일', '아이브 예능', '춘천', '아이브 춘천', '아이브 장원영', '아이브 안유진', '안유진 예능', '1박2일', '아이돌 예능', '아이브 뮤뱅', '춘천 케이블카', '가을선배', '장원영 춘천', '춘천 닭갈비', '아이브 1위', 'ガウル', 'YUJIN', 'ユジン', 'レイ', 'REI', 'LEESEO', 'イソ', 'ウォニョン', 'WONYOUNG', 'LIZ', 'リズ', 'ive musicbank', 'ive eleven', '4k', '아이브 대학교', '건축학개론', 'GAEUL', 'musicbank After LIKE', '케이팝 예능', '1N2D', 'IDOL 1N2D', '아이브 레이', '아이브 가을', '아이브 리즈', '닭갈비', '케이블카', '춘천 삼악산', '여행 예능', '아이브 여행', '춘천 여행', '춘천 코스']"
5,Jlkd0FAvn9o,[EN/JP] 가지마yo...우리 좋았잖아... 아이돌 세끼 진행시켜?!😎 (feat. 1회요정 아이브) [돌박이일] EP.2-3 아이브 in 춘천 3탄 [4K],24,174648,6949,0,NaN,2022-09-25T10:00:11Z,1021,"['KBS', 'KPOP', '뮤직', 'KBSKPOP', 'K-POP', 'kpop', '음악', 'kbs kpop', '아이브', '장원영', '안유진', '가을', '이서', '레이', '리즈', '김가을', '유진', '원영', '콩순이', '아이브 돌박2일', '돌박2일', '돌박이일', '1박2일', '춘천', '춘천여행', '춘천 케이블카', '아이브 춘천', '애프터라이크', '아이브 AfterLIKE', 'AfterLIKE', 'LOVE DIVE', '일레븐', '아이브 일본', '아이브 예능', '뮤직뱅크 아이브', 'IVE', '김지원', '콘수니', '돌박', '아이브 장원영', '아이브 안유진', '안유진 예능', '아이돌 예능', '아이브 뮤뱅', '가을선배', '장원영 춘천', '춘천 닭갈비', '아이브 1위', 'ガウル', 'YUJIN', 'ユジン', 'レイ', 'REI', 'LEESEO', 'イソ', 'ウォニョン', 'WONYOUNG', 'LIZ', 'リズ', 'ive musicbank', 'ive eleven', '4k', '아이브 대학교', '건축학개론', 'GAEUL', '케이팝 예능', '1N2D', 'IDOL 1N2D', '아이브 레이', '아이브 가을', '아이브 리즈', '케이블카', '춘천 삼악산', '여행 예능', '아이브 여행']"
6,WV5nKtv5pXE,[EN/JP]🔥큰 거 왔다!🔥취향저격 오징어게임🦑 그런데 돈이 사라진다?!💸 어디 한 번 놀아볼까? [돌박이일] EP.3-1 하이라이트 in 속초 1탄 [4K],10,107110,6799,0,NaN,2022-11-13T11:00:11Z,1856,"['KBS', 'KPOP', '뮤직', 'KBSKPOP', 'K-POP', '케이팝', 'kpop', 'KBSKpop', '음악', 'kbs kpop', '하이라이트', '양요섭', '윤두준', '이기광', '손동운', '요섭', '두준', '동운', '기광', 'Alone', '하이라이트 컴백', '돌박2일', '돌박이일', '하이라이트 돌박', '예능', '1박2일', '오징어게임', '넷플릭스', '할랕', '라이트', '하이라이트 1위', '돌박', '돌박이일 하이라이트', '이기광의 가요광장', '아이돌 예능', 'KBS 예능', '케이팝 예능', '비스트', 'Beast', 'B2ST', '뷰티', '하이라이트 Alone', '하이라이트 뮤직뱅크', '하이라이트 직캠', '비스트 컴백', '입중계', '하이라이트 월드컵', '윤두준 양요섭 중계', '윤두준 축구', '하이라이트 축구', '축구 중계', '하이라이트 입중계', '카타르 월드컵', '카타르 월드컵 중계', '우루과이', '조규성', '축구가수']"
7,1ULMljez9BE,[EN/JP] 마음이 두준두준한 건 파도 때문인가 🌊하이라이트 때문인가✨ [돌박이일] EP.3-2 하이라이트 in 속초 2탄 [4K],10,74621,4782,0,NaN,2022-11-20T11:00:10Z,2147,"['KBS', 'KPOP', '뮤직', 'KBSKPOP', 'K-POP', '케이팝', 'kpop', 'KBSKpop', '음악', 'kbs kpop', '하이라이트', 'Highlight', 'Alone', '하이라이트 컴백', '하이라이트 1위', '양요섭', '윤두준', '이기광', '손동운', '하이라이트 뮤직뱅크', '돌박2일', '환승연애', '오징어게임', '돌박이일', '기광', '동운', '두준', '요섭', '비스트', 'Beast', 'B2ST', '요트', '속초', '여행', '1박2일', '일박이일', '돌박이일 하이라이트', '돌박2일 하이라이트', '하이라이트 Alone', 'Alone 직캠', '넷플릭스', '요트 예능', '오징어빵', '오징어순대', '아바이순대', '붕어빵', '구슬게임', '복불복', '환승연애 패러디', '윤양이손', '비스트 노래모음', '하이라이트 노래모음', '필름카메라', '사건의 지평선', '독기돌', 'Sily', '클래식', '마음이 두준두준', '먹방', '축구', '입중계', '카타르', '월드컵 하이라이트', '월드컵 윤두준', '윤두준 양요섭', '우루과이', '한국 우루과이', '중계 하이라이트', '축구 윤두준', '식샤를 합시다']"
8,D0AN25eENDk,[EN/JP] 올인하시겠습니까? 당연하죠 우린 하이라이트에 인생을 걸었어요👊 [돌박이일] EP.3-3 하이라이트 in 속초 3탄 [4K],10,60789,4321,0,NaN,2022-11-27T11:00:07Z,2353,"['KBS', 'KPOP', '뮤직', 'KBSKPOP', 'K-POP', '케이팝', 'kpop', 'KBSKpop', '음악', 'kbs kpop']"
9,YzFJKNKI5tI,[EN/JP]🚨충격🚨돈가방 들고 부릉부릉 롤러코스터 타는 겜블러 실존! 몬베베 얼른 와 신속히   돌박이일 EP.4-1 몬스타엑스 in 대구 1탄 [4K],10,446433,23449,0,NaN,2022-12-11T11:00:10Z,2219,"['KBS', 'KPOP', '뮤직', 'KBSKPOP', 'K-POP', '케이팝', 'kpop', 'KBSKpop', '음악', 'kbs kpop', '몬스타엑스', 'MONSTAX', '주헌', '민혁', '아이엠', '임창균', '기현', '셔누', '형원', '대구', '이월드', 'I.m', 'minhyuk', 'jooheon', '돌박2일', '돌박2일 몬스타엑스', '돌박이일', '돌박', '대구 몬스타엑스', '대구여행', '놀이공원', '롤러코스터', '몬엑', '몬엑 예능', '뮤직뱅크 몬스타엑스', '메가스윙', '아이돌', '아이돌 예능', '케이팝 예능', 'StudioK', '스튜디오K', '몬스타엑스컴백', '몬스타엑스 컴백', '몬엑 컴백', '허리케인', '대구 이월드', 'Monsta', 'MonstaX', 'Reason', 'MonstaX comeback', 'MonstaX Reason', '몬스타엑스 콘서트', 'Monsta_X', '몬스타엑스 자컨', '몬먹어도고', '몬먹어도', '몬엑 자컨', '몬먹어도 고']"
10,PfWpD1_gyck,[EN/JP] 몬엑 텐션이 미챠써요↗️ 지금까지 이런 대혜자 콘텐츠는 없.었.다😎 (feat.X맨은 누구?) l 돌박이일 EP.4-2 몬스타엑스 in 대구 2탄 [4K],10,269798,13564,0,NaN,2022-12-18T11:00:08Z,3005,"['KBS', 'KPOP', '뮤직', 'KBSKPOP', 'K-POP', '케이팝', 'kpop', 'KBSKpop', '음악', 'kbs kpop', '대구', '몬스타엑스', '민혁', '주헌', '아이엠', 'monstax', '돌박2일', '돌박이일', '돌박', '돌박이일 몬스타엑스', '몬스타엑스 컴백', '셔누', '기현', '형원', '주허니', '경주여행', '대구여행', '경주', '대구 몬스타엑스', '이월드', '허리케인', '롤러코스터', '몬엑 예능', '몬엑', '몬엑 대구', '몬엑 경주', '몬스타엑스 대구', '임창균', '아이엠 운전', '창균 운전', '몬스타엑스 뮤직뱅크', '몬스타엑스 Reason', 'X맨', '돈가방', '몬스타엑스 리얼리티', '몬엑 리얼리티', '버라이어티']"
11,IxG7yLYjKXE,[EN/JP] 당신의 X가 첨성대 앞에서 기다리고 있습니다. ✨️크리스마스에 떠나는 경주여행🎄 돌박이일 EP.5-1 몬스타엑스 in 경주 1탄 [4K],10,154699,9154,0,NaN,2022-12-25T11:00:08Z,1956,"['KBS', 'KPOP', '뮤직', 'KBSKPOP', 'K-POP', '케이팝', 'kpop', 'KBSKpop', '음악', 'kbs kpop', '몬스타엑스', '아이엠', '민혁', '주헌', '셔누', '기현', '형원', '경주', '돌박이일', '1박2일', '돌박2일', '1N2D', '2D1N', 'MonstaX', 'REASON', '몬엑', '몬스타엑스 경주', '경주여행', '첨성대', '환승연애', '돌박 몬엑', '임창균', '임창균 운전', '몬스타엑스 예능', '아이돌 예능', '몬스타엑스 컴백', '십원빵', '동궁과 월지', '황리단길']"
12,wOcqpNfUMBk,[EN/JP] 🌙달빛보다 아름다운 몬스타엑스의 경주 여행기 2탄✨  돌박이일 EP.5-2 몬스타엑스 in 경주 2탄 [4K],10,106689,7201,0,NaN,2022-12-31T11:00:10Z,2016,"['KBS', 'KPOP', '뮤직', 'KBSKPOP', 'K-POP', '케이팝', 'kpop', 'KBSKpop', '음악', 'kbs kpop', '몬스타엑스', '이민혁', '이주헌', '임창균', '민혁', '주헌', '주헌이', '아이엠', '창균', '이민혁 얼굴', '가요대제전', '가요대축제', '몬스타엑스 겜블러', '경주여행', '십원빵', '동궁과월지', '첨성대', '대릉원', '황리단길', '몬엑', '몬엑 예능', '몬스타엑스 컴백', '몬스타엑스 예능', '경주', '몬스타엑스 경주', '돌박이일', '돌박2일']"
13,WpZAEw23VfY,[EN/JP] 냅둬 쟤네 ATEEZ래😎 우승보단 분량에 욕심 있는 해적 다들 어때? l 돌박이일 EP.6-1 에이티즈 in 평택 1탄 [4K],10,321446,29780,0,NaN,2023-01-01T11:00:09Z,1788,"['KBS', 'KPOP', '뮤직', 'KBSKPOP', 'K-POP', '케이팝', 'kpop', 'KBSKpop', '음악', 'kbs kpop', 'ATEEZ', '최산', '성화', '우영', '윤호', '홍중', '여상', '종호', '민기', 'Halazia', 'HALAZIA', '평택 여행', '에이티즈', '돌박이일', '돌박2일', '에이티즈 컴백', '에이티즈 가요대축제', 'San', 'Wooyoung', '정우영', 'Mingi', 'Yeosang', 'Seonghwa', 'Jongho', 'Yunho', 'Hongjoong', 'Win', 'Wonderland', 'Atiny', '돌박이일 에이티즈', 'Idol', 'Idol 1n2d', '1박2일', '보물찾기', '에이티즈 돌박', '평택', '평택 관광', '평택호', '얼빡직캠', '에이티즈 얼빡직캠', '최산 얼빡직캠']"
14,e0a6XmGkV18,[EN/JP] 겨울 토끼 에이티즈의 축복이 끝이 없네.. 🚨충격🚨의 분량✨해적왕 투어 감동 실화✨l 돌박이일 EP.6-2 에이티즈 in 평택 2탄 [4K],10,270182,22086,0,NaN,2023-01-08T11:00:10Z,3971,"['KBS', 'KPOP', '뮤직', 'KBSKPOP', 'K-POP', '케이팝', 'kpop', 'KBSKpop', '음악', 'kbs kpop', '에이티즈', '돌박이일', '돌박2일', '평택', '평택여행', '평택호', 'ATEEZ', '에이티즈 컴백', '에이티즈 1위', 'HALAZIA', '할라지아', '뮤직뱅크', '스튜디오K', '최산', 'San', '홍중', '여상', '윤호', '종호', '성화', '민기', '우영', 'Wooyoung', 'jongho', 'Mingi', 'Seonghwa', 'Yunho', 'Hongjoong', 'Yeosang', 'Ateez musicbank', 'Ateez reality', '에이티즈 예능', '에이티즈 돌박', '랜덤플레이', '랜덤플레이댄스', '에이티즈 댄스', '평티니', '검은 토끼', '99즈', '구구즈', '토끼', '에이티니', '에이티즈 뮤직뱅크', '에이티즈 1위 HALAZIA', 'ATINY', '얼빡직캠', '에이티즈 얼빡직캠', '최산 얼빡직캠']"
15,srQPUfgS3E4,[EN/JP] 소맥 타는 고양이 실존? 훈민정음 게임부터 애교배틀😘까지 몬스타엑스가 종합으로 보여주는🍺원샷의 정석 l 돌박이일 EP.5-3 몬스타엑스 in 경주 3탄 [4K],10,219759,11722,0,NaN,2023-01-15T11:00:09Z,1759,"['KBS', 'KPOP', '뮤직', 'KBSKPOP', 'K-POP', '케이팝', 'kpop', 'KBSKpop', '음악', 'kbs kpop', '몬스타엑스', '밈짱균', '임창균', '이주헌', '이민혁', '민혁', '주헌', '아이엠', 'MonstaX', 'Beautiful Liar', '뷰티풀 라이어', 'Monsta_X', '몬스타엑스 컴백', 'Minhyuk', 'Joohoney', 'IM', '몬스타엑스 얼빡직캠', '픽시드', '인간극장', '몬디웅니', '픽시드 몬스타엑스', '종합', '밈창균', '몬엑 예능', '아이돌 일박이일', '1박2일', '아이돌 1박2일', '돌박2일', '경주여행', '경주', '몬스타엑스 술', '몬스타엑스 1위', '형원', '기현', '술자리게임', '훈민정음', '애교', '주헌 애교', '임창균 애교', '민혁 애교']"
16,6OJA9hI6nQs,[EN/JP] Play it random! 아무거나 틀어도 다 잘 추는 랜덤플레이댄스 최강자의 💥춤사위💥l 돌박이일 EP.4-3 몬스타엑스 in 대구 3탄 [4K],10,115955,8082,0,NaN,2023-01-22T11:00:08Z,1508,"['KBS', 'KPOP', '뮤직', 'KBSKPOP', 'K-POP', '케이팝', 'kpop', 'KBSKpop', '음악', 'kbs kpop']"
17,p9jqjl_u6Ho,[EN/JP] 오늘부터 내 꿈🍭은 투바투그룹 후계자야💰연준아  나 지금 되게 신나💥 l 돌박이일 EP.7-1 투모로우바이투게더 in 영월 1탄 [4K],10,985712,66490,0,NaN,2023-01-29T11:00:09Z,3086,"['KBS', 'KPOP', '뮤직', 'KBSKPOP', 'K-POP', '케이팝', 'kpop', 'KBSKpop', '음악', 'kbs kpop', '인간극장', 'choreography', 'k-pop', 'kpop_dance', 'dance', 'fancam', '직캠', '댄스', '아이돌', 'k팝', '팬캠', 'live', '라이브', '뮤직뱅크', '뮤뱅', 'musicbank', 'music_bank', 'music bank', 'kbs', '케이비에스', '연준', '수빈', '범규', '태현', '휴닝카이', 'txt', '투모로우바이투게더', '투바투', 'TOMORROW X TOGETHER', 'YEONJUN', 'SOOBIN', 'BEOMGYU', 'TAEHYUN', 'HUENINGKAI', 'txt musicbank', '투바투 뮤뱅', '뮤직뱅크 투바투', '투바투 컴백', '뮤직뱅크 txt', 'txt fancam', 'sugar rush ride musicbank', 'sugar rush ride txt', 'musicbank txt', 'sugar rush ride', '슈가 러쉬 라이드', '슈가러쉬라이드', '돌박이일', '아이돌 1박2일', '1박2일', '돌박', '돌박2일', '돌박 투바투', '영월', '영월여행']"
18,NJtS5wTo7zA,[EN/JP] 충격 반전💥후계자는 정해져 있었다?! 투바투 그룹 승계 전쟁 최종편!💸   돌박이일 EP.7-2 투모로우바이투게더 in 영월 2탄 [4K],10,746090,50811,0,NaN,2023-02-05T12:00:08Z,2950,"['KBS', 'KPOP', '뮤직', 'KBSKPOP', 'K-POP', '케이팝', 'kpop', 'KBSKpop', '음악', 'kbs kpop', '인간극장', 'choreography', 'k-pop', 'kpop_dance', 'dance', 'fancam', '직캠', '댄스', '아이돌', 'k팝', '팬캠', 'live', '라이브', '뮤직뱅크', '뮤뱅', 'musicbank', 'music_bank', 'music bank', 'kbs', '케이비에스', '연준', '수빈', '범규', '태현', '휴닝카이', 'txt', '투모로우바이투게더', '투바투', 'TOMORROW X TOGETHER', 'YEONJUN', 'SOOBIN', 'BEOMGYU', 'TAEHYUN', 'HUENINGKAI', 'txt musicbank', '투바투 뮤뱅', '뮤직뱅크 투바투', '투바투 컴백', '뮤직뱅크 txt', 'txt fancam', 'sugar rush ride musicbank', 'sugar rush ride txt', 'musicbank txt', 'sugar rush ride', '슈가 러쉬 라이드', '슈가러쉬라이드', '돌박이일', '아이돌 1박2일', '1박2일', '돌박', '돌박2일', '돌박 투바투', '영월', '영월여행']"
19,71NsQO28MOY,[EN/JP] 회장님도 막지 못한 재벌가의 한우 먹방 실체?!🥩 '투바투 그룹' 플렉스란 바로 이런 것😎   돌박이일 EP.7-3 투모로우바이투게더 in 영월 3탄 [4K],10,347837,29863,0,NaN,2023-02-12T11:00:10Z,1584,"['KBS', 'KPOP', '뮤직', 'KBSKPOP', 'K-POP', '케이팝', 'kpop', 'KBSKpop', '음악', 'kbs kpop', 'TXT', 'Tomorrowxtogether', '투바투', '돌박이일', '돌박2일', '투모로우바이투게더', '연준', '수빈', '태현', '휴닝카이', '범규', '영월', 'Sugar Rush Ride', '투바투 뮤직뱅크', '투바투 컴백', '슈가 러쉬 라이드', '투바투 1위', '투바투 직캠', '투바투 예능', '1박2일']"
20,qtDvuhz6sxw,[EN/JP]🧸여행 사진? 고민고민하지마~🤗네 컷 장인 스테이씨의 여행 사진 잘 찍는 법📸   돌박이일 EP. 8-1 STAYC in 시흥 1탄 [4K],10,124535,5734,0,NaN,2023-02-19T11:00:07Z,2493,"['KBS', 'KPOP', '뮤직', 'KBSKPOP', 'K-POP', '케이팝', 'kpop', 'KBSKpop', '음악', 'kbs kpop', '스테이씨', 'STAYC', '수민', '심자윤', '아이사', '재이', '시은', '세은', '스테이씨 윤', '테디베어', '챌린지', '인생네컷', '뮤직뱅크', '스테이씨 직캠', '스테이씨 컴백', 'Teddy Bear', 'Poppy', '파피', '돌박이일', '돌박2일', '1박2일', '아이돌 예능', '스튜디오K', 'StudioK']"
21,BylEfZidPSc,[ENG] 스테이씨 윤  알고 보니 K-POP 댄스 박사 학위?🎓✨ 아기 케이팝 박사들의 댄스파티💃   돌박이일 EP. 8-2 STAYC in 시흥 2탄 [4K],10,54072,3122,0,NaN,2023-02-26T11:00:11Z,1852,"['KBS', 'KPOP', '뮤직', 'KBSKPOP', 'K-POP', '케이팝', 'kpop', 'KBSKpop', '음악', 'kbs kpop', '스테이씨', 'StayC', '심자윤', '스테이씨 1위', 'Teddy bear', '테디베어', '아이사', '뮤직뱅크', '수민', '세은', '시은', '재이', '라도', 'Poppy', '스테이씨 직캠', '스테이씨 앵콜', '돌박이일', '돌박2일', '랜덤플레이댄스', '뉴진스', '아이들', '스트레이키즈', '아이브', '새삥', '시흥 여행', '시흥', '뮤뱅 스테이씨', '사진', '여행', '인생네컷', '오이도', '스테이씨 얼빡직캠', '조개구이', 'STAYC', 'Sieun', 'Sumin', '테디베어 1위']"
22,VxHkqNXqrM0,[EN/JP] 당신의 이상형을 찾아줄 미모의 주인공이 무려 5명🖐️신작 드라마 [태백의 후예] 드디어 공개!?   돌박이일 EP.9-1 투모로우바이투게더 in 태백 1탄 [4K],10,662693,51055,0,NaN,2023-03-05T11:00:11Z,2315,"['KBS', 'KPOP', '뮤직', 'KBSKPOP', 'K-POP', '케이팝', 'kpop', 'KBSKpop', '음악', 'kbs kpop', '투모로우바이투게더', '돌박이일', '투바투', '인간극장', 'choreography', 'k-pop', 'kpop_dance', 'dance', 'fancam', '직캠', '댄스', '아이돌', 'k팝', '팬캠', 'live', '라이브', '뮤직뱅크', '뮤뱅', 'musicbank', 'music_bank', 'music bank', 'kbs', '케이비에스', '연준', '수빈', '범규', '태현', '휴닝카이', 'txt', 'TOMORROW X TOGETHER', 'YEONJUN', 'SOOBIN', 'BEOMGYU', 'TAEHYUN', 'HUENINGKAI', 'txt musicbank', '투바투 뮤뱅', '뮤직뱅크 투바투', '투바투 컴백', '뮤직뱅크 txt', 'txt fancam', 'sugar rush ride musicbank', 'sugar rush ride txt', 'musicbank txt', 'sugar rush ride', '슈가 러쉬 라이드', '슈가러쉬라이드', '아이돌 1박2일', '1박2일', '돌박', '돌박2일', '돌박 투바투', '영월', '영월여행']"
23,5tnSPzuA_tw,[EN/JP] 우리 중에 스파이가 있다?!💥 태백의 후예들을 감쪽같이 속인 범인은?   돌박이일 EP.9-2 투모로우바이투게더 in 태백 2탄 [4K],10,374882,29323,0,NaN,2023-03-12T11:00:08Z,2002,"['KBSKPOP', 'K-POP', '케이팝', 'kpop', 'KBSKpop', '음악', 'kbs kpop', '투모로우바이투게더', '돌박이일', '투바투', '인간극장', 'choreography', 'k-pop', 'kpop_dance', 'fancam', '직캠', '댄스', '아이돌', '팬캠', '라이브', '뮤직뱅크', '뮤뱅', 'musicbank', 'music_bank', 'music bank', 'kbs', '케이비에스', '연준', '수빈', '범규', '태현', '휴닝카이', 'txt', 'TOMORROW X TOGETHER', 'YEONJUN', 'SOOBIN', 'BEOMGYU', 'TAEHYUN', 'HUENINGKAI', 'txt musicbank', '투바투 뮤뱅', '뮤직뱅크 투바투', '투바투 컴백', '뮤직뱅크 txt', 'txt fancam', 'sugar rush ride musicbank', 'sugar rush ride txt', 'musicbank txt', 'sugar rush ride', '슈가 러쉬 라이드', '슈가러쉬라이드', '아이돌 1박2일', '1박2일', '돌박', '돌박2일', '돌박 투바투', '영월', '영월여행', '태백', '태백의후예', '태양의후예', '송중기']"
24,jPkZNCIoZ7Q,"[EN/JP] ""휴닝이 최악의 날로 만들어주겠어😈"" 충격! GBGB 그 자체가 된 TXT 형아들?😭   돌박이일 EP.9-3 투모로우바이투게더 in 태백 3탄 [4K]",10,334049,28775,0,NaN,2023-03-19T11:00:10Z,1706,"['KBS', 'KPOP', '뮤직', 'KBSKPOP', 'K-POP', '케이팝', 'kpop', 'KBSKpop', '음악', 'kbs kpop', '투모로우바이투게더', '돌박이일', '투바투', '인간극장', 'choreography', 'k-pop', 'kpop_dance', 'dance', 'fancam', '직캠', '댄스', '아이돌', 'k팝', '팬캠', 'live', '라이브', '뮤직뱅크', '뮤뱅', 'musicbank', 'music_bank', 'music bank', 'kbs', '케이비에스', '연준', '수빈', '범규', '태현', '휴닝카이', 'txt', 'TOMORROW X TOGETHER', 'YEONJUN', 'SOOBIN', 'BEOMGYU', 'TAEHYUN', 'HUENINGKAI', 'txt musicbank', '투바투 뮤뱅', '뮤직뱅크 투바투', '투바투 컴백', '뮤직뱅크 txt', 'txt fancam', 'sugar rush ride musicbank', 'sugar rush ride txt', 'musicbank txt', 'sugar rush ride', '슈가 러쉬 라이드', '슈가러쉬라이드', '아이돌 1박2일', '1박2일', '돌박', '돌박2일', '돌박 투바투', '영월', '영월여행']"
25,14uJfgogmAE,[EN/JP] KBS 50주년? 1살 된 엔믹스가 축하해줄게🥳 내친김에 방송국도 접수해줄게💘   돌박이일 EP.10-1 NMIXX in KBS [4K],10,209200,10442,0,NaN,2023-03-26T11:00:11Z,2248,"['KBS', 'KPOP', '뮤직', 'KBSKPOP', 'K-POP', '케이팝', 'kpop', 'KBSKpop', '음악', 'kbs kpop', '엔믹스', '돌박이일', 'NMIXX', '인간극장', 'k-pop', 'kpop_dance', 'dance', '아이돌', 'k팝', '뮤직뱅크', '뮤뱅', 'musicbank', 'music_bank', 'music bank', 'kbs', '케이비에스', '릴리', '해원', '배이', '설윤', '지우', '규진', 'HAEWON', 'LILY', 'SULLYOON', 'BAE', 'JIWOO', 'KYUJIN', '엔믹스 뮤뱅', '엔믹스 뮤직뱅크', '엔믹스 컴백', '뮤직뱅크 nmixx', '엔믹스 돌박이일', '엔믹스 KBS', '엔믹스 엔딩요정', 'Love Me Like This', 'Young Dumb Stupid', '럽미라잌디스', '아이돌 1박2일', '1박2일', '돌박', '돌박2일', '돌박 엔믹스', '방송국', '방송국 견학', '신입사원', 'MZ사원', '불후의명곡', 'KBS 예능', '엔믹스 불후의명곡', '뮤뱅 엔딩요정', '엔딩요정', '뮤뱅 카메라']"
26,E4CybZ9dK9c,[EN/JP] 공영방송 50주년에 💰베팅💰해도 되나요? 스파이 팀장들의 고군분투 🚨실패🚨 소취 레이스! l 돌박이일 EP.10-2 NMIXX in KBS 2탄 [4K],10,114883,6756,0,NaN,2023-04-02T11:00:11Z,2149,"['KBS', 'KPOP', '뮤직', 'KBSKPOP', 'K-POP', '케이팝', 'kpop', 'KBSKpop', '음악', 'kbs kpop', '엔믹스', '돌박이일', 'NMIXX', '인간극장', 'k-pop', 'kpop_dance', 'dance', '아이돌', 'k팝', '뮤직뱅크', '뮤뱅', 'musicbank', 'music_bank', 'music bank', 'kbs', '케이비에스', '릴리', '해원', '배이', '설윤', '지우', '규진', 'HAEWON', 'LILY', 'SULLYOON', 'BAE', 'JIWOO', 'KYUJIN', '엔믹스 뮤뱅', '엔믹스 뮤직뱅크', '엔믹스 컴백', '뮤직뱅크 nmixx', '엔믹스 돌박이일', '엔믹스 KBS', '엔믹스 엔딩요정', 'Love Me Like This', 'Young Dumb Stupid', '럽미라잌디스', '아이돌 1박2일', '1박2일', '돌박', '돌박2일', '돌박 엔믹스', '방송국', '방송국 견학', '신입사원', 'MZ사원', '불후의명곡', 'KBS 예능', '엔믹스 불후의명곡', '뮤뱅 엔딩요정', '엔딩요정', '뮤뱅 카메라']"
